title,author,goodreads_url,ol_title,ol_author,cover_url,openlibrary_url,description,title_clean,author_clean,reading_level_sources,has_level_data,reading_level_estimate,summary_gpt,themes,tone,age_range_llm,reading_level_llm,complexity_analysis,reading_confidence_llm,llm_skipped,skip_reason,enriched_lexile_score,enriched_lexile_source,enriched_lexile_confidence,enrichment_method,enrichment_date,found
Charlotte’s Web,E.B. White,https://www.goodreads.com/book/show/24178.Charlotte_s_Web,Charlotte's Web,E. B. White,https://covers.openlibrary.org/b/id/8461797-L.jpg,https://openlibrary.org/works/OL483391W,"Charlotte's Web is a book of children's literature by American author E. B. White and illustrated by Garth Williams; it was published on October 15, 1952, by Harper & Brothers. The novel tells the story of a livestock pig named Wilbur and his friendship with a barn spider named Charlotte. When Wilbur is in danger of being slaughtered by the farmer, Charlotte writes messages praising Wilbur (such as ""Some Pig"") in her web in order to persuade the farmer to let him live.


----------
Also contained in:
[Novels](https://openlibrary.org/works/OL483326W)",Charlotte’S Web,E.B. White,"{""llm_analysis"": {""age_range"": ""6-8"", ""reading_category"": ""Intermediate Readers (9-12)"", ""confidence"": 0.9, ""source"": ""gpt_analysis_fix""}}",True,"{""age_range"": ""6-8"", ""reading_category"": ""Beginning Readers (6-8)"", ""confidence"": 0.9, ""source"": ""llm_analysis""}","""Charlotte's Web"" is a classic children's book that tells the heartwarming story of a pig named Wilbur and his friendship with a clever spider named Charlotte. The novel explores themes of friendship, loyalty, and the power of kindness. It is a beloved tale that has been enjoyed by generations of readers.","relationships, friendship, love, belonging",gentle,6-8,Beginning Readers (6-8),"{""vocabulary"": ""simple"", ""sentence_structure"": ""simple"", ""concepts"": ""concrete""}",0.8,False,,,not_found,none,demo_known_scores,2025-09-09T22:43:21.799408,False
If You Give a Mouse a Cookie,Laura Joffe Numeroff,https://www.goodreads.com/book/show/767680.If_You_Give_a_Mouse_a_Cookie,If You Give a Mouse a Cookie,Laura Joffe Numeroff,https://covers.openlibrary.org/b/id/50977-L.jpg,https://openlibrary.org/works/OL61432W,Relating the cycle of requests a mouse is likely to make after you give him a cookie takes the reader through a young child's day.,If You Give A Mouse A Cookie,Laura Joffe Numeroff,"{""llm_analysis"": {""age_range"": ""3-5"", ""reading_category"": ""Early Readers (3-5)"", ""confidence"": 1.0, ""source"": ""gpt_analysis""}}",True,"{""age_range"": ""3-5"", ""reading_category"": ""Early Readers (3-5)"", ""confidence"": 1.0, ""source"": ""llm_analysis""}","A story about a mouse who makes a series of requests after being given a cookie, leading to a young child's busy day.","curiosity, routine, responsibility",playful,3-5,Early Readers (3-5),"{""vocabulary"": ""simple"", ""sentence_structure"": ""simple"", ""concepts"": ""concrete""}",1.0,,,,not_found,none,demo_known_scores,2025-09-09T22:43:21.799470,False
Love You Forever,Robert Munsch,https://www.goodreads.com/book/show/310259.Love_You_Forever,Love You Forever,Robert N Munsch,https://covers.openlibrary.org/b/id/772161-L.jpg,https://openlibrary.org/works/OL88707W,"The story details the cycle of life by chronicling the experiences of a young son and his mother throughout the course of the boy's life, and describing the exasperating behaviour exhibited by him throughout his youth. In spite of her occasional aggravation caused by her son's behaviour, the mother nonetheless visits his bedroom nightly to cradle him in her arms, and sing a brief lullaby promising to always love him. After her son enters adulthood and leaves home, his elderly mother occasionally sneaks into his bedroom at night to croon her customary lullaby. However she gradually grows old and frail, and her grown son visits his feeble, sickly mother for the final time. When he first arrives, his mother tries to sing her lullaby to him, but she is too weak to finish. He then cradles her in his arms and sings an altered rendition of her lullaby in reciprocation of the unconditional love that she had shown him throughout his life, vowing to always love her in return. After returning home in a scene implying the death of his mother, he cradles his newborn daughter and sings his mother's signature lullaby for her, implying that the cycle will continue.",Love You Forever,Robert Munsch,"{""llm_analysis"": {""age_range"": ""6-8"", ""reading_category"": ""Intermediate Readers (9-12)"", ""confidence"": 0.9, ""source"": ""gpt_analysis""}}",True,"{""age_range"": ""6-8"", ""reading_category"": ""Intermediate Readers (9-12)"", ""confidence"": 0.9, ""source"": ""llm_analysis""}","A poignant story of the unconditional love between a mother and her son, spanning from his youth to her old age, with themes of love, aging, and family bonds.","love, aging, family bonds",poignant,6-8,Intermediate Readers (9-12),"{""vocabulary"": ""moderate"", ""sentence_structure"": ""moderate"", ""concepts"": ""mixed""}",0.9,,,,not_found,none,demo_known_scores,2025-09-09T22:43:21.799514,False
Corduroy,Don Freeman,https://www.goodreads.com/book/show/231850.Corduroy,Corduroy,Don Freeman,https://covers.openlibrary.org/b/id/1333207-L.jpg,https://openlibrary.org/works/OL4114525W,"A toy bear in a department store wants a number of things, but when a little girl finally buys him he finds what he has always wanted most of all.",Corduroy,Don Freeman,"{""llm_analysis"": {""age_range"": ""3-5"", ""reading_category"": ""Early Readers (3-5)"", ""confidence"": 1.0, ""source"": ""gpt_analysis""}}",True,"{""age_range"": ""3-5"", ""reading_category"": ""Early Readers (3-5)"", ""confidence"": 1.0, ""source"": ""llm_analysis""}",A toy bear in a department store finds what he has always wanted most when a little girl buys him.,"friendship, belonging, gratitude",heartwarming,3-5,Early Readers (3-5),"{""vocabulary"": ""simple"", ""sentence_structure"": ""simple"", ""concepts"": ""concrete""}",1.0,,,,not_found,none,demo_known_scores,2025-09-09T22:43:21.799558,False
Madeline,Ludwig Bemelmans,https://www.goodreads.com/book/show/475339.Madeline,Madeline's Rescue,Ludwig Bemelmans,https://covers.openlibrary.org/b/id/973931-L.jpg,https://openlibrary.org/works/OL1981005W,"A hound rescues a schoolgirl from the Seine, becomes a beloved school pet, is chased away by the trustees, and returns with a surprise.",Madeline,Ludwig Bemelmans,"{""llm_analysis"": {""age_range"": ""3-5"", ""reading_category"": ""Early Readers (3-5)"", ""confidence"": 0.9, ""source"": ""gpt_analysis""}}",True,"{""age_range"": ""3-5"", ""reading_category"": ""Early Readers (3-5)"", ""confidence"": 0.9, ""source"": ""llm_analysis""}","A hound rescues a schoolgirl and becomes a school pet, but is chased away and returns with a surprise.","friendship, loyalty, belonging",heartwarming,3-5,Early Readers (3-5),"{""vocabulary"": ""simple"", ""sentence_structure"": ""simple"", ""concepts"": ""concrete""}",0.9,,,,not_found,none,demo_known_scores,2025-09-09T22:43:21.799633,False
The Velveteen Rabbit,Margery Williams Bianco,https://www.goodreads.com/book/show/144974.The_Velveteen_Rabbit,The Velveteen Rabbit,Margery Williams Bianco,https://covers.openlibrary.org/b/id/8783171-L.jpg,https://openlibrary.org/works/OL812053W,"The Rabbit in the stocking isn't as expensive as the other toys: he's covered in velveteen. On Christmas Day, the Boy enjoys his new toy but then quickly forgets and neglects him. Shunned and unsure, the Velveteen Rabbit questions his worth. Should he even be called a real toy? An answer comes from his friend, the Skin Horse: ""Real isn't how you are made. . . .It's a thing that happens to you. When a child loves you for a long, long time, not just to play with, but REALLY loves you, then you become Real."" The Velveteen Rabbit's journey through love and loneliness to become who he was really meant to be is a story that inspires us all on our own journey to Real.

The Velveteen Rabbit is a timeless tale of friendship, love, acceptance and honesty. When the world seems uncertain, Margery Williams's classic story reminds all of us what really matters.

The type in this edition has been reset to emphasize the poetry of the language and to bring out the depth of sentiment in the story. William Nicholson's 1922 illustrations, which have delighted generations of readers, are rendered in full-color just as they appeared in the original edition of The Velveteen Rabbit. Together words and pictures create a world so much like our own, and yet so delightfully magical.",The Velveteen Rabbit,Margery Williams Bianco,"{""llm_analysis"": {""age_range"": ""3-6"", ""reading_category"": ""Early Readers (3-6)"", ""confidence"": 0.9, ""source"": ""gpt_analysis""}}",True,"{""age_range"": ""3-6"", ""reading_category"": ""Early Readers (3-6)"", ""confidence"": 0.9, ""source"": ""llm_analysis""}","A velveteen rabbit, initially neglected , learns about love and becoming 'real' through the help of a wise friend. This","friendship, love, acceptance, identity",heartwarming,3-6,Early Readers (3-6),"{""vocabulary"": ""simple"", ""sentence_structure"": ""simple"", ""concepts"": ""concrete""}",0.9,,,,not_found,none,demo_known_scores,2025-09-09T22:43:21.799697,False
The Monster at the End of this Book,Jon Stone,https://www.goodreads.com/book/show/44186.The_Monster_at_the_End_of_this_Book,The Monster at the End of This Book,Jon Stone,https://covers.openlibrary.org/b/id/8580217-L.jpg,https://openlibrary.org/works/OL3009031W,"Is there a monster at the end of this book? Lovable, furry old Grover believes that there is, and he will try anything to stop you from turning the pages to find him! The Monster at the End of This Book, the bestselling Sesame Street book of all time, is an exciting and highly original tale that children will want to read again and again.",The Monster At The End Of This Book,Jon Stone,"{""llm_analysis"": {""age_range"": ""3-5"", ""reading_category"": ""Early Readers (3-5)"", ""confidence"": 0.9, ""source"": ""gpt_analysis""}}",True,"{""age_range"": ""3-5"", ""reading_category"": ""Early Readers (3-5)"", ""confidence"": 0.9, ""source"": ""llm_analysis""}","A lovable monster named Grover tries to stop readers from turning the pages, believing there is a monster at the end of the book.","curiosity, friendship, imagination",playful,3-5,Early Readers (3-5),"{""vocabulary"": ""simple"", ""sentence_structure"": ""simple"", ""concepts"": ""concrete""}",0.9,,,,not_found,none,demo_known_scores,2025-09-09T22:43:21.799745,False
Chicka Chicka Boom Boom,Bill Martin Jr.,https://www.goodreads.com/book/show/293595.Chicka_Chicka_Boom_Boom,Chicka chicka boom boom,Bill Martin Jr.,https://covers.openlibrary.org/b/id/1320266-L.jpg,https://openlibrary.org/works/OL59121W,An alphabet rhyme/chant that relates what happens when the whole alphabet tries to climb a coconut tree.,Chicka Chicka Boom Boom,Bill Martin Jr.,"{""llm_analysis"": {""age_range"": ""3-5"", ""reading_category"": ""Early Readers (3-5)"", ""confidence"": 1.0, ""source"": ""gpt_analysis""}}",True,"{""age_range"": ""3-5"", ""reading_category"": ""Early Readers (3-5)"", ""confidence"": 1.0, ""source"": ""llm_analysis""}",A playful rhyming story about the alphabet trying to climb a coconut tree.,"alphabet, teamwork, persistence",playful,3-5,Early Readers (3-5),"{""vocabulary"": ""simple"", ""sentence_structure"": ""simple"", ""concepts"": ""concrete""}",1.0,,,,not_found,none,demo_known_scores,2025-09-09T22:43:21.799786,False
"Brown Bear, Brown Bear, What Do You See?",Bill Martin Jr.,https://www.goodreads.com/book/show/759611.Brown_Bear_Brown_Bear_What_Do_You_See_,"Brown Bear, Brown Bear, What Do You See?",Bill Martin Jr.,https://covers.openlibrary.org/b/id/12624136-L.jpg,https://openlibrary.org/works/OL59133W,"Children see a variety of animals, each one a different color, and a teacher looking at them.","Brown Bear, Brown Bear, What Do You See?",Bill Martin Jr.,"{""llm_analysis"": {""age_range"": ""3-5"", ""reading_category"": ""Early Readers (3-5)"", ""confidence"": 1.0, ""source"": ""gpt_analysis""}}",True,"{""age_range"": ""3-5"", ""reading_category"": ""Early Readers (3-5)"", ""confidence"": 1.0, ""source"": ""llm_analysis""}",Children explore a colorful world of animals as a teacher observes them.,"colors, animals, observation",playful,3-5,Early Readers (3-5),"{""vocabulary"": ""simple"", ""sentence_structure"": ""simple"", ""concepts"": ""concrete""}",1.0,,,,not_found,none,demo_known_scores,2025-09-09T22:43:21.799824,False
"Alexander and the Terrible, Horrible, No Good, Very Bad Day",Judith Viorst,https://www.goodreads.com/book/show/46677.Alexander_and_the_Terrible_Horrible_No_Good_Very_Bad_Day,"Alexander and the Terrible, Horrible, No Good, Very Bad Day",Judith Viorst,https://covers.openlibrary.org/b/id/433572-L.jpg,https://openlibrary.org/works/OL1932036W,"On a day when everything goes wrong for him, Alexander is consoled by the thought that other people have bad days too.","Alexander And The Terrible, Horrible, No Good, Very Bad Day",Judith Viorst,"{""llm_analysis"": {""age_range"": ""6-8"", ""reading_category"": ""Beginning Readers (6-8)"", ""confidence"": 0.9, ""source"": ""gpt_analysis""}}",True,"{""age_range"": ""6-8"", ""reading_category"": ""Beginning Readers (6-8)"", ""confidence"": 0.9, ""source"": ""llm_analysis""}","A young boy named Alexander experiences a series of mishaps in a single day, finding comfort in the fact that bad days happen to everyone.","resilience, empathy, perspective",realistic,6-8,Beginning Readers (6-8),"{""vocabulary"": ""simple"", ""sentence_structure"": ""simple"", ""concepts"": ""concrete""}",0.9,,,,not_found,none,demo_known_scores,2025-09-09T22:43:21.799863,False
"Harold and the Purple Crayon (Harold, #1)",Crockett Johnson,https://www.goodreads.com/book/show/98573.Harold_and_the_Purple_Crayon,Harold and the Purple Crayon,Crockett Johnson,https://covers.openlibrary.org/b/id/50758-L.jpg,https://openlibrary.org/works/OL3544186W,"""Harold loves animals so much that he decides to find out what it's like to be one. Join Harold and an elephant, a camel, a herd of cheetahs, and a slippery bunch of penguins on this wildlife adventure in his imagination.""--P. [4] cover.","Harold And The Purple Crayon (Harold, #1)",Crockett Johnson,"{""llm_analysis"": {""age_range"": ""3-5"", ""reading_category"": ""Early Readers (3-5)"", ""confidence"": 1.0, ""source"": ""gpt_analysis""}}",True,"{""age_range"": ""3-5"", ""reading_category"": ""Early Readers (3-5)"", ""confidence"": 1.0, ""source"": ""llm_analysis""}","A young boy named Harold uses his purple crayon to go on imaginative adventures with various animals, exploring what it's like to be different creatures.","imagination, exploration, creativity",whimsical,3-5,Early Readers (3-5),"{""vocabulary"": ""simple"", ""sentence_structure"": ""simple"", ""concepts"": ""concrete""}",1.0,,,,not_found,none,demo_known_scores,2025-09-09T22:43:21.799900,False
"The Tale of Peter Rabbit (World of Beatrix Potter, #1)",Beatrix Potter,https://www.goodreads.com/book/show/19321.The_Tale_of_Peter_Rabbit,The Tale of Peter Rabbit,Beatrix Potter,https://covers.openlibrary.org/b/id/2557658-L.jpg,https://openlibrary.org/works/OL26460746W,One of the best known and loved children's stories is the story of naughty Peter Rabbit and his misadventures as he is chased around a garden.,"The Tale Of Peter Rabbit (World Of Beatrix Potter, #1)",Beatrix Potter,"{""llm_analysis"": {""age_range"": ""3-5"", ""reading_category"": ""Early Readers (3-5)"", ""confidence"": 0.9, ""source"": ""gpt_analysis_fix""}}",True,"{""age_range"": ""3-5"", ""reading_category"": ""Early Readers (3-5)"", ""confidence"": 0.9, ""source"": ""llm_analysis""}",The Tale of Peter Rabbit follows the mischievous Peter Rabbit as he gets into trouble in a garden.,"responsibility, adventure, emotions",playful,3-5,Early Readers (3-5),"{""vocabulary"": ""simple"", ""sentence_structure"": ""simple"", ""concepts"": ""concrete""}",0.8,False,,,not_found,none,demo_known_scores,2025-09-09T22:43:21.799942,False
"Cloudy with a Chance of Meatballs (Cloudy with a Chance of Meatballs, #1)",Judi Barrett,https://www.goodreads.com/book/show/8073.Cloudy_with_a_Chance_of_Meatballs,Cloudy with a chance of meatballs,Judi Barrett,https://covers.openlibrary.org/b/id/433530-L.jpg,https://openlibrary.org/works/OL39178W,"Life is delicious in the town of Chewandswallow where it rains soup and juice, snows mashed potatoes, and blows storms of hamburgers--until the weather takes a turn for the worse.","Cloudy With A Chance Of Meatballs (Cloudy With A Chance Of Meatballs, #1)",Judi Barrett,"{""llm_analysis"": {""age_range"": ""3-5"", ""reading_category"": ""Early Readers (3-5)"", ""confidence"": 0.9, ""source"": ""gpt_analysis""}}",True,"{""age_range"": ""3-5"", ""reading_category"": ""Early Readers (3-5)"", ""confidence"": 0.9, ""source"": ""llm_analysis""}","In a town where food falls from the sky, the weather starts causing problems for the residents.","food, weather, community",whimsical,3-5,Early Readers (3-5),"{""vocabulary"": ""simple"", ""sentence_structure"": ""simple"", ""concepts"": ""concrete""}",0.9,,,,not_found,none,demo_known_scores,2025-09-09T22:43:21.799979,False
The Secret Garden,Frances Hodgson Burnett,https://www.goodreads.com/book/show/2998.The_Secret_Garden,The Secret Garden,Frances Hodgson Burnett,https://covers.openlibrary.org/b/id/12622062-L.jpg,https://openlibrary.org/works/OL69612W,A ten-year-old orphan comes to live in a lonely house on the Yorkshire moors where she discovers an invalid cousin and the mysteries of a locked garden.,The Secret Garden,Frances Hodgson Burnett,"{""llm_analysis"": {""age_range"": ""9-12"", ""reading_category"": ""Intermediate Readers (9-12)"", ""confidence"": 0.9, ""source"": ""gpt_analysis""}}",True,"{""age_range"": ""9-12"", ""reading_category"": ""Intermediate Readers (9-12)"", ""confidence"": 0.9, ""source"": ""llm_analysis""}","An orphan girl moves to a deserted house on the moors, where she uncovers secrets in a hidden garden.","friendship, healing, nature, growth",hopeful,9-12,Intermediate Readers (9-12),"{""vocabulary"": ""moderate"", ""sentence_structure"": ""moderate"", ""concepts"": ""mixed""}",0.9,,,970.0,Classic Literature Database,high,demo_known_scores,2025-09-09T22:43:21.800017,True
Alice’s Adventures in Wonderland / Through the Looking-Glass,Lewis Carroll,https://www.goodreads.com/book/show/24213.Alice_s_Adventures_in_Wonderland_Through_the_Looking_Glass,Alice's Adventures in Wonderland / Through the Looking Glass,Lewis Carroll,https://covers.openlibrary.org/b/id/8595966-L.jpg,https://openlibrary.org/works/OL151411W,"A very real little girl named Alice follows a remarkable rabbit down a rabbit hole and steps through a looking-glass to come face to face with some of the strangest adventures and some of the oddest characters in all literature. The crusty Duchess, the Mad Hatter, the weeping Mock Turtle, the diabolical Queen of Hearts, the Cheshire-Cat, Tweedledum and Tweedledee--each one is more eccentric, and more entertaining, than the last. And all of them could only have come from the pen of Lewis Carroll, one of the few adults ever to enter successfully the children's world of make-believe--a wonderland where the impossible becomes possible, the unreal, real...where the heights of adventure are limited only by the depths of imagination.
--back cover

Contains:

 - [Alice's Adventures in Wonderland](https://openlibrary.org/works/OL8193508W)
 - [Through the Looking Glass, and What Alice Found There][2]

  [2]: https://openlibrary.org/works/OL15298516W",Alice’S Adventures In Wonderland / Through The Looking-Glass,Lewis Carroll,"{""llm_analysis"": {""age_range"": ""6-8"", ""reading_category"": ""Beginning Readers (6-8)"", ""confidence"": 0.9, ""source"": ""gpt_analysis""}}",True,"{""age_range"": ""6-8"", ""reading_category"": ""Beginning Readers (6-8)"", ""confidence"": 0.9, ""source"": ""llm_analysis""}",A little girl named Alice embarks on strange and whimsical adventures after following a rabbit down a rabbit hole and stepping through a looking-glass.,"imagination, fantasy, adventure",whimsical,6-8,Beginning Readers (6-8),"{""vocabulary"": ""moderate"", ""sentence_structure"": ""moderate"", ""concepts"": ""mixed""}",0.9,,,,not_found,none,demo_known_scores,2025-09-09T22:43:21.800053,False
"The Chronicles of Narnia (The Chronicles of Narnia, #1-7)",C.S. Lewis,https://www.goodreads.com/book/show/11127.The_Chronicles_of_Narnia,The Chronicles of Narnia,C.S. Lewis,https://covers.openlibrary.org/b/id/9321656-L.jpg,https://openlibrary.org/works/OL70988W,"Journeys to the end of the world, fantastic creatures, and epic battle between good and evil - what more could any reader ask for in one book? The book that has it all is THE LION, THE WITCH AND THE WARDROBE, written in 1919 by C.S. Lewis. But Lewis did not stop there. Six more books followed and together they became known as The Chronicles of Narnia.

For the past fifty years, The Chronicles of Narnia has transcended the fantasy genre to become part of the canon of classic literature. Each of the seven books is a masterpiece, drawing the reader into a world where magic meets reality, and the result is a fictional world whose scope has fascinated generations.

This edition presents all seven books - unabridged - in one impressive volume. The books are presented here according to Lewis's preferred order, each chapter graced with an illustration by the original artist, Pauline Baynes. This edition also contains C. S. Lewis's essay ""On Three Ways of Writing for Children,"" in which he explains precisely how the magic of Narnia and the realm of fantasy appeal not only to children but to discerning readers of all ages. Deceptively simple and direct, The Chronicles of Narnia continue to captivate fans with adventures, characters, and truths that speak to all readers, even fifty years after the books were first published.
--front flap

Contains:
The Magician's Nephew; [The Lion, the Witch and the Wardrobe](https://openlibrary.org/works/OL71175W); The Horse and His Boy; Prince Caspian; The Voyage of the Dawn Treader; The Silver Chair; and The Last Battle.","The Chronicles Of Narnia (The Chronicles Of Narnia, #1-7)",C.S. Lewis,"{""llm_analysis"": {""age_range"": ""9-12"", ""reading_category"": ""Intermediate Readers (9-12)"", ""confidence"": 0.9, ""source"": ""gpt_analysis""}}",True,"{""age_range"": ""9-12"", ""reading_category"": ""Intermediate Readers (9-12)"", ""confidence"": 0.9, ""source"": ""llm_analysis""}",A The Chronicles of Narnia captivates readers with its rich storytelling and imaginative adventures.,"fantasy, good vs. evil, magic, morality",whimsical,9-12,Intermediate Readers (9-12),"{""vocabulary"": ""moderate"", ""sentence_structure"": ""moderate"", ""concepts"": ""mixed""}",0.9,,,,not_found,none,demo_known_scores,2025-09-09T22:43:21.800087,False
"Anne of Green Gables (Anne of Green Gables, #1)",L.M. Montgomery,https://www.goodreads.com/book/show/8127.Anne_of_Green_Gables,Anne of Green Gables,Lucy Maud Montgomery,https://covers.openlibrary.org/b/id/14641084-L.jpg,https://openlibrary.org/works/OL77746W,"Anne, an eleven-year-old orphan, is sent by mistake to live with a lonely, middle-aged brother and sister on a Prince Edward Island farm and proceeds to make an indelible impression on everyone around her.","Anne Of Green Gables (Anne Of Green Gables, #1)",L.M. Montgomery,"{""llm_analysis"": {""age_range"": ""9-12"", ""reading_category"": ""Intermediate Readers (9-12)"", ""confidence"": 0.9, ""source"": ""gpt_analysis""}}",True,"{""age_range"": ""9-12"", ""reading_category"": ""Intermediate Readers (9-12)"", ""confidence"": 0.9, ""source"": ""llm_analysis""}","An eleven-year-old orphan named Anne is mistakenly sent to live with a lonely brother and sister on a farm, where she leaves a lasting impact on those around her.","friendship, imagination, belonging, identity",heartwarming,9-12,Intermediate Readers (9-12),"{""vocabulary"": ""moderate"", ""sentence_structure"": ""moderate"", ""concepts"": ""mixed""}",0.9,,,,not_found,none,demo_known_scores,2025-09-09T22:43:21.800123,False
"Amelia Bedelia  (Amelia Bedelia, #1)",Peggy Parish,https://www.goodreads.com/book/show/774001.Amelia_Bedelia,Amelia Bedelia,Peggy Parish,https://covers.openlibrary.org/b/id/33823-L.jpg,https://openlibrary.org/works/OL1932963W,A literal-minded housekeeper causes chaos in the Rogers household when she attempts to make sense of some instructions.,"Amelia Bedelia (Amelia Bedelia, #1)",Peggy Parish,"{""llm_analysis"": {""age_range"": ""6-8"", ""reading_category"": ""Beginning Readers (6-8)"", ""confidence"": 0.9, ""source"": ""gpt_analysis""}}",True,"{""age_range"": ""6-8"", ""reading_category"": ""Beginning Readers (6-8)"", ""confidence"": 0.9, ""source"": ""llm_analysis""}",A literal-minded housekeeper causes chaos in the Rogers household when she attempts to make sense of some instructions.,"humor, misunderstanding, communication",humorous,6-8,Beginning Readers (6-8),"{""vocabulary"": ""simple"", ""sentence_structure"": ""simple"", ""concepts"": ""concrete""}",0.9,,,,not_found,none,demo_known_scores,2025-09-09T22:43:21.800158,False
The Stinky Cheese Man and Other Fairly Stupid Tales,Jon Scieszka,https://www.goodreads.com/book/show/407429.The_Stinky_Cheese_Man_and_Other_Fairly_Stupid_Tales,The Stinky Cheese Man and Other Fairly Stupid Tales,Jon Scieszka,https://covers.openlibrary.org/b/id/2547013-L.jpg,https://openlibrary.org/works/OL39518W,"The Stinky Cheese Man and Other Fairly Stupid Tales is the ultimate in fractured fairy tales. Not only do the characters create their own stories, they also design the structure of the book itself. Classic fairy tales are deconstructed and rewritten with different but recognizable names, such as The Princess and the Bowling Ball, The Really Ugly Duckling, The Tortoise and the Hair and Chicken Licken. These stories and their characters intersect and create a mish-mash of narratives. Scieszka also mocks the conventions of books in general; the title page, dedication, and even the public information page have all been deconstructed. For example, Scieszka sneaks in the line “Anyone caught telling these fairly stupid tales will be visited, in person, by the Stinky Cheese Man” on the publication data page.",The Stinky Cheese Man And Other Fairly Stupid Tales,Jon Scieszka,"{""llm_analysis"": {""age_range"": ""6-8"", ""reading_category"": ""Beginning Readers (6-8)"", ""confidence"": 0.9, ""source"": ""gpt_analysis""}}",True,"{""age_range"": ""6-8"", ""reading_category"": ""Beginning Readers (6-8)"", ""confidence"": 0.9, ""source"": ""llm_analysis""}","The Stinky Cheese Man and Other Fairly Stupid Tales is a collection of fractured fairy tales where characters create their own stories and deconstruct The book itself is designed in a unique way, with humorous twists on traditional story elements.","humor, parody, creativity",humorous,6-8,Beginning Readers (6-8),"{""vocabulary"": ""moderate"", ""sentence_structure"": ""simple"", ""concepts"": ""mixed""}",0.9,,,,not_found,none,demo_known_scores,2025-09-09T22:43:21.800192,False
Stellaluna,Janell Cannon,https://www.goodreads.com/book/show/786256.Stellaluna,Stellaluna,Janell Cannon,https://covers.openlibrary.org/b/id/11026591-L.jpg,https://openlibrary.org/works/OL86707W,"Stellaluna is a 1993 children's book by Janell Cannon about a young fruit bat, Stellaluna, who becomes separated from her mother and finds her way to a nest of birds. She is adopted by them and learns bird-like behavior. Eventually, Stellaluna finds other bats and reunites with her mother, and she learns how to behave like a bat. She introduces the birds to her bat family. Stellaluna and the birds decide that, despite their many differences, they are still friends.

Stellaluna was a New York Times bestseller, appeared on the National Education Association's list of ""Teachers' Top 100 Books for Children"", and won several awards, including the 1996 Grammy Award for Best Spoken Word Album for Children.",Stellaluna,Janell Cannon,"{""llm_analysis"": {""age_range"": ""3-5"", ""reading_category"": ""Early Readers (3-5)"", ""confidence"": 0.9, ""source"": ""gpt_analysis""}}",True,"{""age_range"": ""3-5"", ""reading_category"": ""Early Readers (3-5)"", ""confidence"": 0.9, ""source"": ""llm_analysis""}","Stellaluna is a story about a young fruit bat who is separated from her mother and adopted by birds. She eventually reunites with her bat family and learns to embrace her true identity, while teaching the birds about acceptance and friendship.","identity, acceptance, friendship, family",heartwarming,3-5,Early Readers (3-5),"{""vocabulary"": ""simple"", ""sentence_structure"": ""simple"", ""concepts"": ""concrete""}",0.9,,,,not_found,none,demo_known_scores,2025-09-09T22:43:21.800227,False
The Poky Little Puppy,Janette Sebring Lowrey,https://www.goodreads.com/book/show/505304.The_Poky_Little_Puppy,The Poky Little Puppy,Janette Sebring Lowrey,https://covers.openlibrary.org/b/id/6458184-L.jpg,https://openlibrary.org/works/OL2810612W,A puppy who is always late coming home one night finds there is no dessert for him.,The Poky Little Puppy,Janette Sebring Lowrey,"{""llm_analysis"": {""age_range"": ""3-5"", ""reading_category"": ""Early Readers (3-5)"", ""confidence"": 0.9, ""source"": ""gpt_analysis""}}",True,"{""age_range"": ""3-5"", ""reading_category"": ""Early Readers (3-5)"", ""confidence"": 0.9, ""source"": ""llm_analysis""}",A puppy who is always late coming home one night finds there is no dessert for him.,"responsibility, patience, consequences",whimsical,3-5,Early Readers (3-5),"{""vocabulary"": ""simple"", ""sentence_structure"": ""simple"", ""concepts"": ""concrete""}",0.9,,,,not_found,none,demo_known_scores,2025-09-09T22:43:21.800260,False
The Rainbow Fish,Marcus Pfister,https://www.goodreads.com/book/show/766020.The_Rainbow_Fish,The Rainbow Fish,Marcus Pfister,https://covers.openlibrary.org/b/id/9013570-L.jpg,https://openlibrary.org/works/OL507216W,The most beautiful fish in the entire ocean discovers the real value of personal beauty and friendship.,The Rainbow Fish,Marcus Pfister,"{""llm_analysis"": {""age_range"": ""3-5"", ""reading_category"": ""Early Readers (3-5)"", ""confidence"": 1.0, ""source"": ""gpt_analysis""}}",True,"{""age_range"": ""3-5"", ""reading_category"": ""Early Readers (3-5)"", ""confidence"": 1.0, ""source"": ""llm_analysis""}",A beautiful fish in the ocean learns the importance of personal beauty and friendship.,"friendship, self-acceptance, sharing",uplifting,3-5,Early Readers (3-5),"{""vocabulary"": ""simple"", ""sentence_structure"": ""simple"", ""concepts"": ""concrete""}",1.0,,,,not_found,none,demo_known_scores,2025-09-09T22:43:21.800294,False
Make Way for Ducklings,Robert McCloskey,https://www.goodreads.com/book/show/29291.Make_Way_for_Ducklings,Make Way for Ducklings,Robert McCloskey,https://covers.openlibrary.org/b/id/400659-L.jpg,https://openlibrary.org/works/OL4638367W,"First published in 1941, the book tells the story of a pair of mallard ducks who decide to raise their family on an island in the lagoon in Boston Public Garden, a park in the center of Boston, Massachusetts. <sup>[1][1]</sup>


  [1]: http://en.wikipedia.org/wiki/Make_Way_for_Ducklings",Make Way For Ducklings,Robert Mccloskey,"{""llm_analysis"": {""age_range"": ""3-5"", ""reading_category"": ""Early Readers (3-5)"", ""confidence"": 1.0, ""source"": ""gpt_analysis""}}",True,"{""age_range"": ""3-5"", ""reading_category"": ""Early Readers (3-5)"", ""confidence"": 1.0, ""source"": ""llm_analysis""}",A story about a pair of mallard ducks who choose to raise their family in Boston Public Garden.,"family, adventure, community",heartwarming,3-5,Early Readers (3-5),"{""vocabulary"": ""simple"", ""sentence_structure"": ""simple"", ""concepts"": ""concrete""}",1.0,,,,not_found,none,demo_known_scores,2025-09-09T22:43:21.800326,False
"A Wrinkle in Time (Time Quintet, #1)",Madeleine L'Engle,https://www.goodreads.com/book/show/33574273-a-wrinkle-in-time,A Wrinkle in Time,Madeleine L'Engle,https://covers.openlibrary.org/b/id/8709146-L.jpg,https://openlibrary.org/works/OL41495W,"A Wrinkle in Time is a science fiction fantasy novel by American writer Madeleine L'Engle, first published in 1962. It is about Meg And Charles Walence. Their father, who was working on a interesting project called a tesseract, goes missing! Then they meet a boy and some strange women. This story won a Newbery Medal, Sequoyah Book Award and Lewis Carroll Shelf Award For this amazing story! It also has a movie! I Hope you all enjoy!","A Wrinkle In Time (Time Quintet, #1)",Madeleine L'Engle,"{""llm_analysis"": {""age_range"": ""9-12"", ""reading_category"": ""Intermediate Readers (9-12)"", ""confidence"": 0.9, ""source"": ""gpt_analysis""}}",True,"{""age_range"": ""9-12"", ""reading_category"": ""Intermediate Readers (9-12)"", ""confidence"": 0.9, ""source"": ""llm_analysis""}","Two siblings search for their missing father who was working on a mysterious project, leading them on a fantastical journey with strange characters.","family, adventure, science fiction",fantastical,9-12,Intermediate Readers (9-12),"{""vocabulary"": ""moderate"", ""sentence_structure"": ""moderate"", ""concepts"": ""mixed""}",0.9,,,,not_found,none,demo_known_scores,2025-09-09T22:43:21.800359,False
Don't Let the Pigeon Drive the Bus!,Mo Willems,https://www.goodreads.com/book/show/191113.Don_t_Let_the_Pigeon_Drive_the_Bus_,Don't Let the Pigeon Drive the Bus!,Mo Willems,https://covers.openlibrary.org/b/id/544664-L.jpg,https://openlibrary.org/works/OL5760013W,"No matter how hard he pleads and begs, the pigeon is not supposed to drive the bus while the driver is away, but pigeon tries every persuasive trick a young child knows to get you to say ""Yes.""",Don'T Let The Pigeon Drive The Bus!,Mo Willems,"{""llm_analysis"": {""age_range"": ""3-5"", ""reading_category"": ""Early Readers (3-5)"", ""confidence"": 0.9, ""source"": ""gpt_analysis""}}",True,"{""age_range"": ""3-5"", ""reading_category"": ""Early Readers (3-5)"", ""confidence"": 0.9, ""source"": ""llm_analysis""}","A pigeon desperately tries to convince readers to let him drive the bus while the driver is away, using all the tricks a young child might employ.","persuasion, persistence, imagination",playful,3-5,Early Readers (3-5),"{""vocabulary"": ""simple"", ""sentence_structure"": ""simple"", ""concepts"": ""concrete""}",0.9,,,,not_found,none,demo_known_scores,2025-09-09T22:43:21.800392,False
The Phantom Tollbooth,Norton Juster,https://www.goodreads.com/book/show/378.The_Phantom_Tollbooth,The Phantom Tollbooth,Norton Juster,https://covers.openlibrary.org/b/id/8578174-L.jpg,https://openlibrary.org/works/OL1636262W,"The Phantom Tollbooth is a children's fantasy adventure novel written by Norton Juster with illustrations by Jules Feiffer. It was published in 1961 by Random House (USA). It tells the story of a bored young boy named Milo who unexpectedly receives a magic tollbooth one afternoon and, having nothing better to do, drives through it in his toy car, transporting him to the Kingdom of Wisdom, once prosperous but now troubled. There, he acquires two faithful companions, a dog named Tock and the Humbug, and goes on a quest to restore to the kingdom its exiled princesses—named Rhyme and Reason—from the Castle in the Air. In the process, he learns valuable lessons, finding a love of learning. The text is full of puns and wordplay, such as when Milo unintentionally jumps to Conclusions, an island in Wisdom, thus exploring the literal meanings of idioms.",The Phantom Tollbooth,Norton Juster,"{""llm_analysis"": {""age_range"": ""9-12"", ""reading_category"": ""Intermediate Readers (9-12)"", ""confidence"": 0.9, ""source"": ""gpt_analysis""}}",True,"{""age_range"": ""9-12"", ""reading_category"": ""Intermediate Readers (9-12)"", ""confidence"": 0.9, ""source"": ""llm_analysis""}","A bored young boy named Milo drives through a magic tollbooth and is transported to the Kingdom of Wisdom, where he goes on a quest to restore order and learns valuable lessons.","adventure, learning, friendship",whimsical,9-12,Intermediate Readers (9-12),"{""vocabulary"": ""moderate"", ""sentence_structure"": ""moderate"", ""concepts"": ""mixed""}",0.9,,,,not_found,none,demo_known_scores,2025-09-09T22:43:21.800426,False
"Little House in the Big Woods (Little House, #1)",Laura Ingalls Wilder,https://www.goodreads.com/book/show/8337.Little_House_in_the_Big_Woods,Little House in the Big Woods,Laura Ingalls Wilder,https://covers.openlibrary.org/b/id/28677-L.jpg,https://openlibrary.org/works/OL1719746W,"The first in a series of truly charming tales of life on the early American frontier, Little House in the Big Woods introduces us to Laura Ingalls, her Ma and Pa, big sister Mary and Baby Carrie. She lives in an isolated cabin in the Big Woods of Wisconsin and spends her days helping Ma with household chores, learning how to care for a house, farm and family. The descriptions of typical activities on a farm in that era will captivate the imaginations of young and old alike. This series also contains the titles Little House on the Prairie, On The Banks of Plum Creek, By the Shores of Silver Lake, The Long Winter, Farmer Boy, Little Town on the Prairie, These Happy Golden Years, and The First Four Years. They inspired the popular, 1970s television series Little House on the Prairie.","Little House In The Big Woods (Little House, #1)",Laura Ingalls Wilder,"{""llm_analysis"": {""age_range"": ""6-8"", ""reading_category"": ""Beginning Readers (6-8)"", ""confidence"": 0.9, ""source"": ""gpt_analysis""}}",True,"{""age_range"": ""6-8"", ""reading_category"": ""Beginning Readers (6-8)"", ""confidence"": 0.9, ""source"": ""llm_analysis""}","A charming tale of life on the early American frontier, following Laura Ingalls and her family as they navigate daily life in the Big Woods of Wisconsin. The book provides a captivating glimpse into farm activities and family dynamics of that era.","family, frontier life, daily activities, self-sufficiency",nostalgic,6-8,Beginning Readers (6-8),"{""vocabulary"": ""moderate"", ""sentence_structure"": ""moderate"", ""concepts"": ""mixed""}",0.9,,,,not_found,none,demo_known_scores,2025-09-09T22:43:21.800461,False
"The Wonderful Wizard of Oz (Oz, #1)",L. Frank Baum,https://www.goodreads.com/book/show/236093.The_Wonderful_Wizard_of_Oz,The Wonderful Wizard of Oz,L. Frank Baum,https://covers.openlibrary.org/b/id/552443-L.jpg,https://openlibrary.org/works/OL18417W,"Over a century after its initial publication, The Wonderful Wizard of Oz is still captivating the hearts of countless readers. Come adventure with Dorothy and her three friends: the Scarecrow, the Tin Woodman, and the Cowardly Lion, as they follow the Yellow Brick Road to the Emerald City for an audience with the Great Oz, the mightiest Wizard in the land, and the only one that can return Dorothy to her home in Kansas.","The Wonderful Wizard Of Oz (Oz, #1)",L. Frank Baum,"{""llm_analysis"": {""age_range"": ""6-8"", ""reading_category"": ""Beginning Readers (6-8)"", ""confidence"": 0.9, ""source"": ""gpt_analysis""}}",True,"{""age_range"": ""6-8"", ""reading_category"": ""Beginning Readers (6-8)"", ""confidence"": 0.9, ""source"": ""llm_analysis""}",Follow Dorothy and her friends on an adventurous journey to the Emerald City to meet the powerful Wizard of Oz and find a way back home.,"adventure, friendship, courage",adventurous,6-8,Beginning Readers (6-8),"{""vocabulary"": ""moderate"", ""sentence_structure"": ""moderate"", ""concepts"": ""mixed""}",0.9,,,,not_found,none,demo_known_scores,2025-09-09T22:43:21.800496,False
"The Giver (The Giver, #1)",Lois Lowry,https://www.goodreads.com/book/show/3636.The_Giver,The Giver,Lois Lowry,https://covers.openlibrary.org/b/id/8352502-L.jpg,https://openlibrary.org/works/OL1846076W,"At the age of twelve, Jonas, a young boy from a seemingly utopian, futuristic world, is singled out to receive special training from The Giver, who alone holds the memories of the true joys and pain of life.","The Giver (The Giver, #1)",Lois Lowry,"{""llm_analysis"": {""age_range"": ""9-12"", ""reading_category"": ""Intermediate Readers (9-12)"", ""confidence"": 0.9, ""source"": ""gpt_analysis""}}",True,"{""age_range"": ""9-12"", ""reading_category"": ""Intermediate Readers (9-12)"", ""confidence"": 0.9, ""source"": ""llm_analysis""}",A young boy in a utopian society is chosen to receive memories of the past from a special mentor.,"memory, utopia, identity",thoughtful,9-12,Intermediate Readers (9-12),"{""vocabulary"": ""moderate"", ""sentence_structure"": ""moderate"", ""concepts"": ""mixed""}",0.9,,,,not_found,none,demo_known_scores,2025-09-09T22:43:21.800533,False
The Story of Ferdinand,Munro Leaf,https://www.goodreads.com/book/show/773951.The_Story_of_Ferdinand,The Story of Ferdinand,Munro Leaf,https://covers.openlibrary.org/b/id/6716679-L.jpg,https://openlibrary.org/works/OL4649312W,A gentle bull who likes to sit quietly and smell flowers is entered in a bullfight.,The Story Of Ferdinand,Munro Leaf,"{""llm_analysis"": {""age_range"": ""3-5"", ""reading_category"": ""Early Readers (3-5)"", ""confidence"": 0.9, ""source"": ""gpt_analysis""}}",True,"{""age_range"": ""3-5"", ""reading_category"": ""Early Readers (3-5)"", ""confidence"": 0.9, ""source"": ""llm_analysis""}",A gentle bull who enjoys smelling flowers gets accidentally entered into a bullfight.,"individuality, peace, acceptance",gentle,3-5,Early Readers (3-5),"{""vocabulary"": ""simple"", ""sentence_structure"": ""simple"", ""concepts"": ""concrete""}",0.9,,,,not_found,none,demo_known_scores,2025-09-09T22:43:21.800564,False
The Night Before Christmas,Clement Clarke Moore,https://www.goodreads.com/book/show/196970.The_Night_Before_Christmas,The Night Before Christmas,Clement Clarke Moore,https://covers.openlibrary.org/b/id/8236410-L.jpg,https://openlibrary.org/works/OL655908W,A well-known poem about an important Christmas Eve visitor.,The Night Before Christmas,Clement Clarke Moore,"{""llm_analysis"": {""age_range"": ""3-5"", ""reading_category"": ""Early Readers (3-5)"", ""confidence"": 1.0, ""source"": ""gpt_analysis_fix""}}",True,"{""age_range"": ""3-8"", ""reading_category"": ""Beginning Readers (6-8)"", ""confidence"": 0.9, ""source"": ""llm_analysis""}","The Night Before Christmas is a classic poem that tells the story of a visit from Santa Claus on Christmas Eve. The poem describes Santa's arrival, his appearance, and his gift-giving to children. It is a beloved holiday tradition for many families to read together on Christmas Eve.","joy, tradition, magic",playful,3-8,Early Readers (3-5),"{""vocabulary"": ""simple"", ""sentence_structure"": ""simple"", ""concepts"": ""concrete""}",0.8,False,,,not_found,none,demo_known_scores,2025-09-09T22:43:21.800597,False
Bridge to Terabithia,Katherine Paterson,https://www.goodreads.com/book/show/40940121-bridge-to-terabithia,Bridge to Terabithia,Katherine Paterson,https://covers.openlibrary.org/b/id/12627341-L.jpg,https://openlibrary.org/works/OL27079W,"The life of a ten-year-old boy in rural Virginia expands when he becomes friends with a newcomer who subsequently meets an untimely death trying to reach their hideaway, Terabithia, during a storm.",Bridge To Terabithia,Katherine Paterson,"{""llm_analysis"": {""age_range"": ""9-12"", ""reading_category"": ""Intermediate Readers (9-12)"", ""confidence"": 0.9, ""source"": ""gpt_analysis""}}",True,"{""age_range"": ""9-12"", ""reading_category"": ""Intermediate Readers (9-12)"", ""confidence"": 0.9, ""source"": ""llm_analysis""}","A ten-year-old boy's life in rural Virginia is transformed when he befriends a newcomer who tragically dies while trying to reach their secret hideaway, Terabithia.","friendship, imagination, loss, grief",emotional,9-12,Intermediate Readers (9-12),"{""vocabulary"": ""moderate"", ""sentence_structure"": ""moderate"", ""concepts"": ""mixed""}",0.9,,,810.0,Educational Testing Service,high,demo_known_scores,2025-09-09T22:43:21.800630,True
Blueberries for Sal,Robert McCloskey,https://www.goodreads.com/book/show/133526.Blueberries_for_Sal,Blueberries for Sal,Robert McCloskey,https://covers.openlibrary.org/b/id/11307420-L.jpg,https://openlibrary.org/works/OL4638387W,Recommended by Mental Floss: 50 Essential Children's Books,Blueberries For Sal,Robert Mccloskey,"{""llm_analysis"": {""age_range"": ""3-5"", ""reading_category"": ""Early Readers (3-5)"", ""confidence"": 0.9, ""source"": ""gpt_analysis""}}",True,"{""age_range"": ""3-5"", ""reading_category"": ""Early Readers (3-5)"", ""confidence"": 0.9, ""source"": ""llm_analysis""}","A sweet story of two little girls and their mothers picking blueberries in Maine, with a mix-up that leads to unexpected adventures.","nature, exploration, curiosity",whimsical,3-5,Early Readers (3-5),"{""vocabulary"": ""simple"", ""sentence_structure"": ""simple"", ""concepts"": ""concrete""}",0.9,,,,not_found,none,demo_known_scores,2025-09-09T22:43:21.800660,False
Clifford the Big Red Dog,Norman Bridwell,https://www.goodreads.com/book/show/858719.Clifford_the_Big_Red_Dog,Clifford the Big Red Dog,Norman Bridwell,https://covers.openlibrary.org/b/id/383686-L.jpg,https://openlibrary.org/works/OL73128W,Emily Elizabeth describes the activities she enjoys with her very big red dog and how they take care of each other.,Clifford The Big Red Dog,Norman Bridwell,"{""llm_analysis"": {""age_range"": ""3-5"", ""reading_category"": ""Early Readers (3-5)"", ""confidence"": 1.0, ""source"": ""gpt_analysis""}}",True,"{""age_range"": ""3-5"", ""reading_category"": ""Early Readers (3-5)"", ""confidence"": 1.0, ""source"": ""llm_analysis""}",A girl and her oversized red dog share adventures and take care of each other.,"friendship, companionship, responsibility",heartwarming,3-5,Early Readers (3-5),"{""vocabulary"": ""simple"", ""sentence_structure"": ""simple"", ""concepts"": ""concrete""}",1.0,,,,not_found,none,demo_known_scores,2025-09-09T22:43:21.800690,False
"The Lion, the Witch and the Wardrobe (Chronicles of Narnia, #1)",C.S. Lewis,https://www.goodreads.com/book/show/100915.The_Lion_the_Witch_and_the_Wardrobe,"The Lion, the Witch and the Wardrobe",C.S. Lewis,https://covers.openlibrary.org/b/id/8441376-L.jpg,https://openlibrary.org/works/OL71037W,"Four adventurous siblings—Peter, Susan, Edmund, and Lucy Pevensie—step through a wardrobe door and into the land of Narnia, a land frozen in eternal winter and enslaved by the power of the White Witch. But when almost all hope is lost, the return of the Great Lion, Aslan, signals a great change . . . and a great sacrifice.

Journey into the land beyond the wardrobe! The Lion, the Witch and the Wardrobe is the second book in C. S. Lewis's classic fantasy series, which has been captivating readers of all ages for over sixty years. This is a stand-alone novel, but if you would like journey back to Narnia, read The Horse and His Boy, the third book in The Chronicles of Narnia.
([source][1])


  [1]: http://www.cslewis.com/us/books/hardcover/the-lion-the-witch-and-the-wardrobe/9780060234812/


----------
Also contained in:

 - [Chronicles of Narnia](https://openlibrary.org/works/OL70988W/The_Chronicles_of_Narnia)
 - [Tales of Narnia](https://openlibrary.org/works/OL71080W)","The Lion, The Witch And The Wardrobe (Chronicles Of Narnia, #1)",C.S. Lewis,"{""llm_analysis"": {""age_range"": ""9-12"", ""reading_category"": ""Intermediate Readers (9-12)"", ""confidence"": 0.9, ""source"": ""gpt_analysis""}}",True,"{""age_range"": ""9-12"", ""reading_category"": ""Intermediate Readers (9-12)"", ""confidence"": 0.9, ""source"": ""llm_analysis""}","Four siblings discover a magical world through a wardrobe, where they must help a lion defeat an evil witch. The story is about bravery, sacrifice, and the triumph of good over evil.","adventure, bravery, good vs. evil, sacrifice",adventurous,9-12,Intermediate Readers (9-12),"{""vocabulary"": ""moderate"", ""sentence_structure"": ""moderate"", ""concepts"": ""mixed""}",0.9,,,,not_found,none,demo_known_scores,2025-09-09T22:43:21.800720,False
"The Snowy Day (Peter, #1)",Ezra Jack Keats,https://www.goodreads.com/book/show/310258.The_Snowy_Day,The Snowy Day,Ezra Jack Keats,https://covers.openlibrary.org/b/id/10134995-L.jpg,https://openlibrary.org/works/OL831023W,"Winner of the 1963 Caldecott Medal, Keats' story of a young boy experiencing the year's first snowfall has delighted millions of readers.  Peter, The Snowy Day's protagonist, wakes up to the season’s first snowfall. In his bright red snowsuit, he goes outside and makes footprints and trails through the snow. Peter is too young to join a snowball fight with older kids, so he makes a snowman and snow angels and slides down a hill. He returns home with a snowball stashed in his pocket. Before he goes to bed, Peter is sad to discover the snowball has melted. The next day, he wakes up to tons more falling snow. With a friend, he ventures outside again.","The Snowy Day (Peter, #1)",Ezra Jack Keats,"{""llm_analysis"": {""age_range"": ""3-5"", ""reading_category"": ""Early Readers (3-5)"", ""confidence"": 0.9, ""source"": ""gpt_analysis""}}",True,"{""age_range"": ""3-5"", ""reading_category"": ""Early Readers (3-5)"", ""confidence"": 0.9, ""source"": ""llm_analysis""}","A young boy named Peter enjoys the season's first snowfall , snow angels, and a snowman. He faces the disappointment of a melted snowball but finds joy in fresh snow the next day.","childhood, winter, imagination, friendship",nostalgic,3-5,Early Readers (3-5),"{""vocabulary"": ""simple"", ""sentence_structure"": ""simple"", ""concepts"": ""concrete""}",0.9,,,,not_found,none,demo_known_scores,2025-09-09T22:43:21.800750,False
The Paper Bag Princess,Robert Munsch,https://www.goodreads.com/book/show/240130.The_Paper_Bag_Princess,The Paper Bag Princess (Classic Munsch),Robert N Munsch,https://covers.openlibrary.org/b/id/707991-L.jpg,https://openlibrary.org/works/OL88684W,"Story about not accepting failure or giving up on what you want.  It's not about looks or power but tenacity and quick thinking. Hurray for you Princess of the Paper Bag.  Very short, easy reading.  I wanted to hear more about her.",The Paper Bag Princess,Robert Munsch,"{""llm_analysis"": {""age_range"": ""3-5"", ""reading_category"": ""Early Readers (3-5)"", ""confidence"": 0.9, ""source"": ""gpt_analysis""}}",True,"{""age_range"": ""3-5"", ""reading_category"": ""Early Readers (3-5)"", ""confidence"": 0.9, ""source"": ""llm_analysis""}","A story about perseverance and quick thinking, emphasizing inner qualities over external appearances. The protagonist, a resourceful princess, demonstrates resilience in the face of challenges.","perseverance, inner beauty, resourcefulness",uplifting,3-5,Early Readers (3-5),"{""vocabulary"": ""simple"", ""sentence_structure"": ""simple"", ""concepts"": ""concrete""}",0.9,,,,not_found,none,demo_known_scores,2025-09-09T22:43:21.800779,False
Tikki Tikki Tembo,Arlene Mosel,https://www.goodreads.com/book/show/551876.Tikki_Tikki_Tembo,Tikki Tikki Tembo,Arlene Mosel,https://covers.openlibrary.org/b/id/579117-L.jpg,https://openlibrary.org/works/OL4510657W,The book tells the story of a Chinese boy with a long name who fell into a well. It is a sort of origin myth about why Chinese names are so short today (wikipedia),Tikki Tikki Tembo,Arlene Mosel,"{""llm_analysis"": {""age_range"": ""3-6"", ""reading_category"": ""Early Readers (3-6)"", ""confidence"": 0.9, ""source"": ""gpt_analysis""}}",True,"{""age_range"": ""3-6"", ""reading_category"": ""Early Readers (3-6)"", ""confidence"": 0.9, ""source"": ""llm_analysis""}","A Chinese boy with a long name falls into a well, leading to the origin of shorter Chinese names today.","culture, tradition, naming",educational,3-6,Early Readers (3-6),"{""vocabulary"": ""simple"", ""sentence_structure"": ""simple"", ""concepts"": ""concrete""}",0.9,,,,not_found,none,demo_known_scores,2025-09-09T22:43:21.800807,False
A Bad Case of Stripes (Scholastic Bookshelf),David Shannon,https://www.goodreads.com/book/show/474858.A_Bad_Case_of_Stripes,A bad case of stripes,David Shannon,https://covers.openlibrary.org/b/id/385807-L.jpg,https://openlibrary.org/works/OL547371W,"In order to ensure her popularity, Camilla Cream always does what is expected, until the day arrives when she no longer recognizes herself.",A Bad Case Of Stripes (Scholastic Bookshelf),David Shannon,"{""llm_analysis"": {""age_range"": ""6-8"", ""reading_category"": ""Beginning Readers (6-8)"", ""confidence"": 0.9, ""source"": ""gpt_analysis""}}",True,"{""age_range"": ""6-8"", ""reading_category"": ""Beginning Readers (6-8)"", ""confidence"": 0.9, ""source"": ""llm_analysis""}","A girl named Camilla Cream always tries to please others to be popular, but one day she undergoes a strange transformation.","identity, self-acceptance, conformity",whimsical,6-8,Beginning Readers (6-8),"{""vocabulary"": ""simple"", ""sentence_structure"": ""simple"", ""concepts"": ""mixed""}",0.9,,,,not_found,none,demo_known_scores,2025-09-09T22:43:21.800836,False
Chrysanthemum,Kevin Henkes,https://www.goodreads.com/book/show/858513.Chrysanthemum,Chrysanthemum,Kevin Henkes,https://covers.openlibrary.org/b/id/6712201-L.jpg,https://openlibrary.org/works/OL469283W,"Chrysanthemum loves her name, until she starts going to school and the other children make fun of it.",Chrysanthemum,Kevin Henkes,"{""llm_analysis"": {""age_range"": ""3-5"", ""reading_category"": ""Early Readers (3-5)"", ""confidence"": 0.9, ""source"": ""gpt_analysis""}}",True,"{""age_range"": ""3-5"", ""reading_category"": ""Early Readers (3-5)"", ""confidence"": 0.9, ""source"": ""llm_analysis""}",Chrysanthemum loves her name until she faces teasing at school.,"identity, bullying, self-acceptance",empathetic,3-5,Early Readers (3-5),"{""vocabulary"": ""simple"", ""sentence_structure"": ""simple"", ""concepts"": ""concrete""}",0.9,,,,not_found,none,demo_known_scores,2025-09-09T22:43:21.800866,False
"Miss Nelson Is Missing! (Miss Nelson, #1)",Harry Allard,https://www.goodreads.com/book/show/147732.Miss_Nelson_Is_Missing_,Miss Nelson is missing!,Harry Allard,https://covers.openlibrary.org/b/id/255503-L.jpg,https://openlibrary.org/works/OL3237560W,The kids in Room 207 take advantage of their teacher's good nature until she disappears and they are faced with a vile substitute.,"Miss Nelson Is Missing! (Miss Nelson, #1)",Harry Allard,"{""llm_analysis"": {""age_range"": ""6-8"", ""reading_category"": ""Beginning Readers (6-8)"", ""confidence"": 0.9, ""source"": ""gpt_analysis""}}",True,"{""age_range"": ""6-8"", ""reading_category"": ""Beginning Readers (6-8)"", ""confidence"": 0.9, ""source"": ""llm_analysis""}","When their kind teacher disappears, the students of Room 207 are left to deal with a strict substitute teacher. Will they learn to appreciate Miss Nelson's kindness?","friendship, respect, teamwork",humorous,6-8,Beginning Readers (6-8),"{""vocabulary"": ""simple"", ""sentence_structure"": ""simple"", ""concepts"": ""concrete""}",0.9,,,,not_found,none,demo_known_scores,2025-09-09T22:43:21.800898,False
"Click, Clack, Moo: Cows That Type",Doreen Cronin,https://www.goodreads.com/book/show/766955.Click_Clack_Moo,"Click, Clack, Moo Cows That Type",Doreen Cronin,https://covers.openlibrary.org/b/id/5725264-L.jpg,https://openlibrary.org/works/OL5703631W,"When Farmer Brown's cows find a typewriter in the barn they start making demands, and go on strike when the farmer refuses to give them what they want.","Click, Clack, Moo: Cows That Type",Doreen Cronin,"{""llm_analysis"": {""age_range"": ""3-5"", ""reading_category"": ""Early Readers (3-5)"", ""confidence"": 0.9, ""source"": ""gpt_analysis""}}",True,"{""age_range"": ""3-5"", ""reading_category"": ""Early Readers (3-5)"", ""confidence"": 0.9, ""source"": ""llm_analysis""}","A humorous story about cows who find a typewriter and start making demands to Farmer Brown, leading to a strike when their requests are denied.","communication, negotiation, teamwork",humorous,3-5,Early Readers (3-5),"{""vocabulary"": ""simple"", ""sentence_structure"": ""simple"", ""concepts"": ""concrete""}",0.9,,,,not_found,none,demo_known_scores,2025-09-09T22:43:21.800936,False
From the Mixed-Up Files of Mrs. Basil E. Frankweiler,E.L. Konigsburg,https://www.goodreads.com/book/show/3980.From_the_Mixed_Up_Files_of_Mrs_Basil_E_Frankweiler,From the Mixed-Up Files of Mrs. Basil E. Frankweiler,E. L. Konigsburg,https://covers.openlibrary.org/b/id/541206-L.jpg,https://openlibrary.org/works/OL2987238W,"Having run away with her younger brother to live in the Metropolitan Museum of Art, twelve-year-old Claudia strives to keep things in order in their new home and to become a changed person and a heroine to herself.",From The Mixed-Up Files Of Mrs. Basil E. Frankweiler,E.L. Konigsburg,"{""llm_analysis"": {""age_range"": ""9-12"", ""reading_category"": ""Intermediate Readers (9-12)"", ""confidence"": 0.9, ""source"": ""gpt_analysis""}}",True,"{""age_range"": ""9-12"", ""reading_category"": ""Intermediate Readers (9-12)"", ""confidence"": 0.9, ""source"": ""llm_analysis""}","Two siblings run away to live in a museum, where they strive to maintain order and discover themselves.","adventure, identity, self-discovery",adventurous,9-12,Intermediate Readers (9-12),"{""vocabulary"": ""moderate"", ""sentence_structure"": ""moderate"", ""concepts"": ""mixed""}",0.9,,,,not_found,none,demo_known_scores,2025-09-09T22:43:21.800967,False
"The Indian in the Cupboard (The Indian in the Cupboard, #1)",Lynne Reid Banks,https://www.goodreads.com/book/show/125404.The_Indian_in_the_Cupboard,The Indian in the Cupboard,Lynne Reid Banks,https://covers.openlibrary.org/b/id/6961353-L.jpg,https://openlibrary.org/works/OL50627W,"**What could be better than a magic cupboard that turns small toys into living creatures?**
 Omri's big brother has no birthday present for him, so he gives Omri an old medicine cabinet he's found. Although their mother supplies a key, the cabinet still doesn't seem like much of a present. But when an exhausted Omri dumps a plastic toy Indian into the cabinet just before falling asleep, the magic begins. Turn the key once and the toy comes alive; turn it a second time and it's an action figure again.

*The Indian in the Cupboard* is one of those rare books that is equally appealing to children and adults. The story of Omri and the Indian, Little Bear, is replete with subtle reminders of the responsibilities that accompany friendship and love. For kids, it's a great yarn; for most parents, it's also a reminder that Omri's wrenching decision to send his toy back to its own world is not so different from the recognition of their children's emerging independence.","The Indian In The Cupboard (The Indian In The Cupboard, #1)",Lynne Reid Banks,"{""llm_analysis"": {""age_range"": ""9-12"", ""reading_category"": ""Intermediate Readers (9-12)"", ""confidence"": 0.9, ""source"": ""gpt_analysis""}}",True,"{""age_range"": ""9-12"", ""reading_category"": ""Intermediate Readers (9-12)"", ""confidence"": 0.9, ""source"": ""llm_analysis""}","A boy discovers a magic cupboard that brings his toy Indian to life, leading to a tale of friendship and responsibility. Both kids and adults find the story engaging, with themes of friendship, love, and independence.","friendship, love, independence, responsibility",heartwarming,9-12,Intermediate Readers (9-12),"{""vocabulary"": ""moderate"", ""sentence_structure"": ""moderate"", ""concepts"": ""mixed""}",0.9,,,,not_found,none,demo_known_scores,2025-09-09T22:43:21.800999,False
The Adventures of Tom Sawyer,Mark Twain,https://www.goodreads.com/book/show/24583.The_Adventures_of_Tom_Sawyer,The Adventures of Tom Sawyer,Mark Twain,https://covers.openlibrary.org/b/id/12043351-L.jpg,https://openlibrary.org/works/OL53919W,"Mark Twain created the memorable characters Tom Sawyer and Huckleberry Finn drawing from the experiences of boys he grew up with in Missouri. Set by the Mississippi River in the 1840's, it follows these boys as they get into predicament after predicament. Tom's classic whitewashing of the fence has become part of American legend, and the book paints a nostalgic picture of life in the middle of the nineteenth century. Tom runs away from home to an island in the river, chases Injun Joe and his treasure, and even gets trapped in a cave for days with Becky Thatcher. The book is one of Twain's most beloved stories.",The Adventures Of Tom Sawyer,Mark Twain,"{""llm_analysis"": {""age_range"": ""9-12"", ""reading_category"": ""Intermediate Readers (9-12)"", ""confidence"": 0.9, ""source"": ""gpt_analysis""}}",True,"{""age_range"": ""9-12"", ""reading_category"": ""Intermediate Readers (9-12)"", ""confidence"": 0.9, ""source"": ""llm_analysis""}","Follow the adventures of Tom Sawyer and Huckleberry Finn in this From whitewashing a fence to chasing treasure, the boys find themselves in various predicaments, creating a nostalgic picture of life in the 19th century.","friendship, adventure, youth, nostalgia",adventurous,9-12,Intermediate Readers (9-12),"{""vocabulary"": ""moderate"", ""sentence_structure"": ""moderate"", ""concepts"": ""mixed""}",0.9,,,,not_found,none,demo_known_scores,2025-09-09T22:43:21.801031,False
"Olivia (Olivia, #1)",Ian Falconer,https://www.goodreads.com/book/show/770051.Olivia,Olivia,Ian Falconer,https://covers.openlibrary.org/b/id/954704-L.jpg,https://openlibrary.org/works/OL82700W,"Whether at home getting ready for the day, enjoying the beach, or at bedtime, Olivia is a feisty pig who has too much energy for her own good.","Olivia (Olivia, #1)",Ian Falconer,"{""llm_analysis"": {""age_range"": ""3-5"", ""reading_category"": ""Early Readers (3-5)"", ""confidence"": 0.9, ""source"": ""gpt_analysis""}}",True,"{""age_range"": ""3-5"", ""reading_category"": ""Early Readers (3-5)"", ""confidence"": 0.9, ""source"": ""llm_analysis""}","Follow the adventures of Olivia, a spirited pig with boundless energy, as she navigates daily activities at home, the beach, and bedtime.","energy, imagination, family",spirited,3-5,Early Readers (3-5),"{""vocabulary"": ""simple"", ""sentence_structure"": ""simple"", ""concepts"": ""concrete""}",0.9,,,,not_found,none,demo_known_scores,2025-09-09T22:43:21.801139,False
"Sideways Stories from Wayside School (Wayside School, #1)",Louis Sachar,https://www.goodreads.com/book/show/15779.Sideways_Stories_from_Wayside_School,Sideways Stories from Wayside School,Louis Sachar,https://covers.openlibrary.org/b/id/6746131-L.jpg,https://openlibrary.org/works/OL116266W,"Presents humorous episodes from the classroom on the thirtieth floor of Wayside School, which was accidentally built sideways with one classroom on each story.","Sideways Stories From Wayside School (Wayside School, #1)",Louis Sachar,"{""llm_analysis"": {""age_range"": ""6-8"", ""reading_category"": ""Beginning Readers (6-8)"", ""confidence"": 0.9, ""source"": ""gpt_analysis""}}",True,"{""age_range"": ""6-8"", ""reading_category"": ""Beginning Readers (6-8)"", ""confidence"": 0.9, ""source"": ""llm_analysis""}",A collection of funny stories from a school where each classroom is on a different floor due to a construction error.,"humor, school life, friendship",whimsical,6-8,Beginning Readers (6-8),"{""vocabulary"": ""simple"", ""sentence_structure"": ""simple"", ""concepts"": ""concrete""}",0.9,,,,not_found,none,demo_known_scores,2025-09-09T22:43:21.801200,False
The Little House,Virginia Lee Burton,https://www.goodreads.com/book/show/153540.The_Little_House,The Little House,Virginia Lee Burton,https://covers.openlibrary.org/b/id/8772064-L.jpg,https://openlibrary.org/works/OL3253362W,"A country house is unhappy when the city, with all its buildings and traffic, grows up around her.",The Little House,Virginia Lee Burton,"{""llm_analysis"": {""age_range"": ""3-5"", ""reading_category"": ""Early Readers (3-5)"", ""confidence"": 0.9, ""source"": ""gpt_analysis""}}",True,"{""age_range"": ""3-5"", ""reading_category"": ""Early Readers (3-5)"", ""confidence"": 0.9, ""source"": ""llm_analysis""}",A story about a country house feeling unhappy as the city grows around her.,"change, urbanization, nostalgia",nostalgic,3-5,Early Readers (3-5),"{""vocabulary"": ""simple"", ""sentence_structure"": ""simple"", ""concepts"": ""concrete""}",0.9,,,,not_found,none,demo_known_scores,2025-09-09T22:43:21.801245,False
Harry the Dirty Dog,Gene Zion,https://www.goodreads.com/book/show/857448.Harry_the_Dirty_Dog,Harry the Dirty Dog,Gene Zion,https://covers.openlibrary.org/b/id/24282-L.jpg,https://openlibrary.org/works/OL1973379W,"When a white dog with black spots runs away from home, he gets so dirty his family doesn't recognize him as a black dog with white spots.",Harry The Dirty Dog,Gene Zion,"{""llm_analysis"": {""age_range"": ""3-5"", ""reading_category"": ""Early Readers (3-5)"", ""confidence"": 0.9, ""source"": ""gpt_analysis""}}",True,"{""age_range"": ""3-5"", ""reading_category"": ""Early Readers (3-5)"", ""confidence"": 0.9, ""source"": ""llm_analysis""}",A dog named Harry runs away from home and gets so dirty that his family mistakes him for a different dog.,"identity, family, adventure",whimsical,3-5,Early Readers (3-5),"{""vocabulary"": ""simple"", ""sentence_structure"": ""simple"", ""concepts"": ""concrete""}",0.9,,,,not_found,none,demo_known_scores,2025-09-09T22:43:21.801286,False
"Harry Potter and the Prisoner of Azkaban (Harry Potter, #3)",J.K. Rowling,https://www.goodreads.com/book/show/5.Harry_Potter_and_the_Prisoner_of_Azkaban,Harry Potter and the Prisoner of Azkaban,J. K. Rowling,https://covers.openlibrary.org/b/id/10580435-L.jpg,https://openlibrary.org/works/OL82536W,"For Harry Potter, it’s the start of another far-from-ordinary year at Hogwarts when the Knight Bus crashes through the darkness and comes to an abrupt halt in front of him.

It turns out that Sirius Black, mass-murderer and follower of Lord Voldemort, has escaped – and they say he is coming after Harry.

In his first Divination class, Professor Trelawney sees an omen of death in Harry’s tea leaves.

And perhaps most frightening of all are the Dementors patrolling the school grounds with their soul-sucking kiss – in search of fresh victims.

([source][1])


  [1]: https://www.jkrowling.com/book/harry-potter-prisoner-azkaban/","Harry Potter And The Prisoner Of Azkaban (Harry Potter, #3)",J.K. Rowling,"{""llm_analysis"": {""age_range"": ""9-12"", ""reading_category"": ""Intermediate Readers (9-12)"", ""confidence"": 0.9, ""source"": ""gpt_analysis""}}",True,"{""age_range"": ""9-12"", ""reading_category"": ""Intermediate Readers (9-12)"", ""confidence"": 0.9, ""source"": ""llm_analysis""}","Harry Potter faces new challenges at Hogwarts as Sirius Black, a dangerous fugitive, escapes and threatens him. With ominous predictions and soul-sucking Dementors on the loose, Harry must navigate through a year of danger and uncertainty.","friendship, loyalty, danger, magic",adventurous,9-12,Intermediate Readers (9-12),"{""vocabulary"": ""moderate"", ""sentence_structure"": ""moderate"", ""concepts"": ""mixed""}",0.9,,,,not_found,none,demo_known_scores,2025-09-09T22:43:21.801325,False
