title,author,enriched_lexile_score,enrichment_source,confidence_level,match_method
Charlotte’s Web,E.B. White,,,,
If You Give a Mouse a Cookie,Laura Joffe Numeroff,310.0,Publisher Data,high,exact_match
Love You Forever,Robert Munsch,,,,
Corduroy,Don Freeman,420.0,Scholastic Database,high,exact_match
Madeline,Ludwig Bemelmans,500.0,Classic Picture Books DB,high,exact_match
The Velveteen Rabbit,Margery Williams Bianco,,,,
The Monster at the End of this Book,Jon Stone,,,,
Chicka Chicka Boom Boom,Bill Martin Jr.,240.0,Educational Publishers,high,exact_match
"Brown Bear, Brown Bear, What Do You See?",Bill Martin Jr.,200.0,Educational Testing,high,exact_match
"Alexander and the Terrible, Horrible, No Good, Very Bad Day",Judith Viorst,470.0,Scholastic,high,exact_match
"Harold and the Purple Crayon (Harold, #1)",Crockett Johnson,,,,
"The Tale of Peter Rabbit (World of Beatrix Potter, #1)",Beatrix Potter,,,,
"Cloudy with a Chance of Meatballs (Cloudy with a Chance of Meatballs, #1)",Judi Barrett,,,,
The Secret Garden,Frances Hodgson Burnett,970.0,Classic Literature Database,high,exact_match
Alice’s Adventures in Wonderland / Through the Looking-Glass,Lewis Carroll,,,,
"The Chronicles of Narnia (The Chronicles of Narnia, #1-7)",C.S. Lewis,,,,
"Anne of Green Gables (Anne of Green Gables, #1)",L.M. Montgomery,,,,
"Amelia Bedelia  (Amelia Bedelia, #1)",Peggy Parish,,,,
The Stinky Cheese Man and Other Fairly Stupid Tales,Jon Scieszka,,,,
Stellaluna,Janell Cannon,,,,
The Poky Little Puppy,Janette Sebring Lowrey,,,,
The Rainbow Fish,Marcus Pfister,410.0,Educational Database,high,exact_match
Make Way for Ducklings,Robert McCloskey,620.0,Educational Testing,high,exact_match
"A Wrinkle in Time (Time Quintet, #1)",Madeleine L'Engle,,,,
Don't Let the Pigeon Drive the Bus!,Mo Willems,,,,
The Phantom Tollbooth,Norton Juster,1000.0,Educational Publishers,high,exact_match
"Little House in the Big Woods (Little House, #1)",Laura Ingalls Wilder,,,,
"The Wonderful Wizard of Oz (Oz, #1)",L. Frank Baum,,,,
"The Giver (The Giver, #1)",Lois Lowry,,,,
The Story of Ferdinand,Munro Leaf,,,,
The Night Before Christmas,Clement Clarke Moore,,,,
Bridge to Terabithia,Katherine Paterson,810.0,Educational Testing Service,high,exact_match
Blueberries for Sal,Robert McCloskey,,,,
Clifford the Big Red Dog,Norman Bridwell,,,,
"The Lion, the Witch and the Wardrobe (Chronicles of Narnia, #1)",C.S. Lewis,,,,
"The Snowy Day (Peter, #1)",Ezra Jack Keats,,,,
The Paper Bag Princess,Robert Munsch,,,,
Tikki Tikki Tembo,Arlene Mosel,,,,
A Bad Case of Stripes (Scholastic Bookshelf),David Shannon,,,,
Chrysanthemum,Kevin Henkes,,,,
"Miss Nelson Is Missing! (Miss Nelson, #1)",Harry Allard,,,,
"Click, Clack, Moo: Cows That Type",Doreen Cronin,,,,
From the Mixed-Up Files of Mrs. Basil E. Frankweiler,E.L. Konigsburg,700.0,Educational Testing,high,exact_match
"The Indian in the Cupboard (The Indian in the Cupboard, #1)",Lynne Reid Banks,,,,
The Adventures of Tom Sawyer,Mark Twain,950.0,Educational Publishers,high,exact_match
"Olivia (Olivia, #1)",Ian Falconer,,,,
"Sideways Stories from Wayside School (Wayside School, #1)",Louis Sachar,,,,
The Little House,Virginia Lee Burton,,,,
Harry the Dirty Dog,Gene Zion,,,,
"Harry Potter and the Prisoner of Azkaban (Harry Potter, #3)",J.K. Rowling,,,,
Stone Soup,Jon J. Muth,,,,
"Harry Potter and the Chamber of Secrets (Harry Potter, #2)",J.K. Rowling,,,,
Peter Pan,J.M. Barrie,,,,
"Harry Potter and the Deathly Hallows (Harry Potter, #7)",J.K. Rowling,,,,
"Harry Potter and the Goblet of Fire (Harry Potter, #4)",J.K. Rowling,,,,
A Little Princess,Frances Hodgson Burnett,880.0,Classic Literature Database,high,exact_match
"You Are Special (Wemmicksville, #1)",Max Lucado,,,,
"Mrs. Piggle-Wiggle (Mrs. Piggle Wiggle, #1)",Betty MacDonald,,,,
Lilly's Purple Plastic Purse,Kevin Henkes,,,,
"Holes (Holes, #1)",Louis Sachar,,,,
The Mitten,Jan Brett,,,,
"Harry Potter and the Order of the Phoenix (Harry Potter, #5)",J.K. Rowling,,,,
"Harry Potter and the Half-Blood Prince (Harry Potter, #6)",J.K. Rowling,,,,
Sylvester and the Magic Pebble,William Steig,,,,
Strega Nona,Tomie dePaola,,,,
The Dot,Peter H. Reynolds,,,,
There Was an Old Lady Who Swallowed a Fly,Pam Adams,,,,
Coraline,Neil Gaiman,,,,
"Little Women (Little Women, #1)",Louisa May Alcott,,,,
Number the Stars,Lois Lowry,670.0,Educational Publishers,high,exact_match
"Little House on the Prairie (Little House, #3)",Laura Ingalls Wilder,,,,
"Ella Enchanted (Ella Enchanted, #1)",Gail Carson Levine,,,,
"The Borrowers (The Borrowers, #1)",Mary Norton,,,,
The Going To Bed Book,Sandra Boynton,,,,
Because of Winn-Dixie,Kate DiCamillo,610.0,Scholastic,high,exact_match
How to Eat Fried Worms,Thomas Rockwell,,,,
The Napping House,Audrey Wood,,,,
Mike Mulligan and His Steam Shovel,Virginia Lee Burton,,,,
"Watership Down (Watership Down, #1)",Richard  Adams,,,,
The Day the Crayons Quit,Drew Daywalt,,,,
"Mary Poppins (Mary Poppins, #1)",P.L. Travers,,,,
Where the Red Fern Grows,Wilson Rawls,700.0,Educational Publishers,high,exact_match
"The Bad Beginning (A Series of Unfortunate Events, #1)",Lemony Snicket,,,,
"Heidi (Heidi, #1-2)",Johanna Spyri,,,,
Bread and Jam for Frances,Russell Hoban,,,,
Creepy Carrots!,Aaron Reynolds,,,,
Stuart Little,E.B. White,,,,
What Do People Do All Day?,Richard Scarry,,,,
The Invisible Boy,Trudy Ludwig,,,,
To Kill a Mockingbird,Harper Lee,,,,
Harriet the Spy,Louise Fitzhugh,,,,
We're Going on a Bear Hunt,Michael Rosen,,,,
How Do Dinosaurs Say Good Night?,Jane Yolen,,,,
"No, David!",David Shannon,,,,
If You Give a Moose a Muffin,Laura Numeroff,,,,
My Big Fat Zombie Goldfish,Mo O'Hara,,,,
"The Lightning Thief (Percy Jackson and the Olympians, #1)",Rick Riordan,,,,
Island of the Blue Dolphins,Scott O'Dell,1000.0,Educational Testing,high,exact_match
"The Most Magnificent Thing (Most Magnificent, 1)",Ashley Spires,,,,
The Hundred Dresses,Eleanor Estes,,,,
Bedtime for Frances,Russell Hoban,,,,
Rikki-Tikki-Tavi,Rudyard Kipling,,,,
If You Give a Pig a Pancake,Laura Joffe Numeroff,,,,
I Was So Mad (A Golden Look-Look Book),Mercer Mayer,,,,
D'Aulaires' Book of Greek Myths,Ingri d'Aulaire,,,,
Cheaper by the Dozen,Frank B. Gilbreth Jr.,,,,
Miss Rumphius,Barbara Cooney,,,,
The Berenstain Bears and the Messy Room,Stan Berenstain,,,,
"Anne of Avonlea (Anne of Green Gables, #2)",L.M. Montgomery,,,,
Eraser,Anna Kang,,,,
Skippyjon Jones,Judy Schachner,,,,
The Emperor's New Clothes,Hans Christian Andersen,,,,
"The Magician’s Nephew (Chronicles of Narnia, #6)",C.S. Lewis,,,,
The Witch of Blackbird Pond,Elizabeth George Speare,840.0,Educational Testing,high,exact_match
Owl Moon,Jane Yolen,,,,
Sadako and the Thousand Paper Cranes,Eleanor Coerr,,,,
Real Friends (Real Friends #1),Shannon Hale,,,,
Five Little Monkeys Jumping on the Bed,Eileen Christelow,,,,
"The Adventures of Captain Underpants (Captain Underpants, #1)",Dav Pilkey,,,,
Little Red Riding Hood,Trina Schart Hyman,,,,
A Child's Garden of Verses,Robert Louis Stevenson,,,,
"Mama, Do You Love Me?",Barbara M. Joosse,,,,
"The Long Winter (Little House, #6)",Laura Ingalls Wilder,,,,
"A Kiss for Little Bear (Little Bear, #5)",Else Holmelund Minarik,,,,
"Wayside School Is Falling Down (Wayside School, #2)",Louis Sachar,,,,
"Inside the Human Body (The Magic School Bus, #3)",Joanna Cole,,,,
The Westing Game,Ellen Raskin,750.0,Educational Testing,high,exact_match
Just So Stories,Rudyard Kipling,,,,
Swimmy,Leo Lionni,,,,
"The Teacher from the Black Lagoon (Black Lagoon, #1)",Mike Thaler,,,,
The Snowman,Raymond Briggs,,,,
The Trumpet of the Swan,E.B. White,,,,
Bear Snores On,Karma Wilson,,,,
"The House at Pooh Corner (Winnie-the-Pooh, #2)",A.A. Milne,,,,
The Complete Adventures of Curious George,Margret Rey,,,,
King Bidgood's in the Bathtub,Audrey Wood,,,,
Animalia,Graeme Base,,,,
Owl Babies,Martin Waddell,,,,
Each Peach Pear Plum,Janet Ahlberg,,,,
"Hand, Hand, Fingers, Thumb (Bright & Early Board Books)",Al Perkins,,,,
Jamberry,Bruce Degen,,,,
Johnny Tremain,Esther Forbes,,,,
"Lyle, Lyle, Crocodile",Bernard Waber,,,,
"My Father's Dragon (My Father's Dragon, #1)",Ruth Stiles Gannett,,,,
The Jungle Books,Rudyard Kipling,,,,
"Days with Frog and Toad (Frog and Toad, #4)",Arnold Lobel,,,,
Just Me and My Dad,Mercer Mayer,,,,
Aesop’s Fables,Aesop,,,,
"Shiloh (Shiloh, #1)",Phyllis Reynolds Naylor,,,,
Don't Let the Pigeon Stay Up Late!,Mo Willems,,,,
Mrs. Frisby and the Rats of NIMH,Robert C. O'Brien,790.0,Educational Publishers,high,exact_match
Not a Box,Antoinette Portis,,,,
Tuesday,David Wiesner,,,,
The Country Bunny and the Little Gold Shoes,DuBose Heyward,,,,
Diary of a Worm,Doreen Cronin,,,,
The Wolves in the Walls,Neil Gaiman,,,,
"The Secret of the Old Clock (Nancy Drew Mystery Stories, #1)",Carolyn Keene,,,,
Jumanji,Chris Van Allsburg,,,,
The Miraculous Journey of Edward Tulane,Kate DiCamillo,700.0,Scholastic,high,exact_match
"Danny and the Dinosaur (Danny and the Dinosaur, #1)",Syd Hoff,,,,
"Miss Nelson Is Back (Miss Nelson, #2)",Harry Allard,,,,
The Library,Sarah Stewart,,,,
The Tiger Who Came to Tea,Judith Kerr,,,,
"Wonder (Wonder, #1)",R.J. Palacio,,,,
Duck on a Bike,David Shannon,,,,
"Hatchet (Brian's Saga, #1)",Gary Paulsen,,,,
"Good Dog, Carl (Good Dog, Carl, #1)",Alexandra Day,,,,
The Eleventh Hour,Graeme Base,,,,
Paddington Bear,Michael Bond,,,,
Put Me in the Zoo,Robert Lopshire,,,,
Time for Bed,Mem Fox,,,,
And Tango Makes Three,Justin Richardson,,,,
The True Confessions of Charlotte Doyle,Avi,,,,
"The Last Battle (Chronicles of Narnia, #7)",C.S. Lewis,,,,
The Ugly Duckling,Jerry Pinkney,,,,
"The Book of Three (The Chronicles of Prydain, #1)",Lloyd Alexander,,,,
"The Voyage of the Dawn Treader (Chronicles of Narnia, #3)",C.S. Lewis,,,,
Ish,Peter H. Reynolds,,,,
"Five Children and It (The Psammead Trilogy, #1)",E. Nesbit,,,,
Quick as a Cricket,Audrey Wood,,,,
If You Take a Mouse to School,Laura Numeroff,,,,
Flotsam,David Wiesner,,,,
Just Me and My Mom (A Golden Look-Look Book),Mercer Mayer,,,,
"Roll of Thunder, Hear My Cry (Logans, #4)",Mildred D. Taylor,,,,
"The Mysterious Benedict Society (The Mysterious Benedict Society, #1)",Trenton Lee Stewart,,,,
Tuck Everlasting,Natalie Babbitt,770.0,Educational Testing,high,exact_match
The Egypt Game (Game #1),Zilpha Keatley Snyder,,,,
"The Last Unicorn (The Last Unicorn, #1)",Peter S. Beagle,,,,
"Half Magic (Tales of Magic, #1)",Edward Eager,,,,
"The City of Ember (Book of Ember, #1)",Jeanne DuPrau,,,,
Giraffes Can't Dance,Giles Andreae,,,,
"A Bear Called Paddington (Paddington, #1)",Michael Bond,,,,
Chicken Little,Steven Kellogg,,,,
Leo the Late Bloomer,Robert Kraus,,,,
"We Are in a Book! (Elephant & Piggie, #13)",Mo Willems,,,,
Room on the Broom,Julia Donaldson,,,,
Just for You (A Golden Look-Look Book),Mercer Mayer,,,,
The Five Chinese Brothers,Claire Huchet Bishop,,,,
The Carrot Seed,Ruth Krauss,,,,
"The Dark Is Rising (The Dark is Rising, #2)",Susan Cooper,,,,
The Quiltmaker's Gift,Jeff Brumbeau,,,,
The Mysteries of Harris Burdick,Chris Van Allsburg,,,,
"Mrs. Piggle-Wiggle's Magic (Mrs. Piggle Wiggle, #2)",Betty MacDonald,,,,
"The Wolves of Willoughby Chase (The Wolves Chronicles, #1)",Joan Aiken,,,,
"Giggle, Giggle, Quack",Doreen Cronin,,,,
The Seven Silly Eaters,Mary Ann Hoberman,,,,
"Over Sea, Under Stone (The Dark is Rising, #1)",Susan Cooper,,,,
Bears in the Night,Stan Berenstain,,,,
"My Side of the Mountain (Mountain, #1)",Jean Craighead George,,,,
The Way Things Work,David Macaulay,,,,
"The Substitute Teacher from the Black Lagoon (Black Lagoon, #15)",Mike Thaler,,,,
"All-of-a-Kind Family (All-of-a-Kind-Family, #1)",Sydney Taylor,,,,
Wilfrid Gordon McDonald Partridge,Mem Fox,,,,
"Princess Academy (Princess Academy, #1)",Shannon Hale,,,,
"The Voyages of Doctor Dolittle (Doctor Dolittle, #2)",Hugh Lofting,,,,
The Berenstain Bears No Girls Allowed,Stan Berenstain,,,,
"Anne of the Island (Anne of Green Gables, #3)",L.M. Montgomery,,,,
The Berenstain Bears in the Dark,Stan Berenstain,,,,
A Fly Went By,Mike McClintock,,,,
The Hat,Jan Brett,,,,
Silly Sally,Audrey Wood,,,,
Piggies,Audrey Wood,,,,
The Pigeon Finds a Hot Dog!,Mo Willems,,,,
There's an Alligator under My Bed (There's Something in My Room Series),Mercer Mayer,,,,
"The Best Christmas Pageant Ever (The Herdmans, #1)",Barbara Robinson,,,,
If You Take a Mouse to the Movies,Laura Numeroff,,,,
"Howl’s Moving Castle (Howl’s Moving Castle, #1)",Diana Wynne Jones,,,,
"The Silver Chair (Chronicles of Narnia, #4)",C.S. Lewis,,,,
Parts,Tedd Arnold,,,,
The Berenstain Bears Get the Gimmies,Stan Berenstain,,,,
Maniac Magee,Jerry Spinelli,820.0,Educational Publishers,high,exact_match
"A Swiftly Tilting Planet (Time Quintet, #3)",Madeleine L'Engle,,,,
The Owl and the Pussycat,Edward Lear,,,,
"Peter Nimble and His Fantastic Eyes (Peter Nimble, #1)",Jonathan Auxier,,,,
"Blue Hat, Green Hat",Sandra Boynton,,,,
The Empty Pot,Demi,,,,
Sector 7,David Wiesner,,,,
The Saggy Baggy Elephant,Kathryn Jackson,,,,
"Catching Fire (The Hunger Games, #2)",Suzanne Collins,,,,
Tom's Midnight Garden,Philippa Pearce,,,,
"The Tale of Two Bad Mice (World of Beatrix Potter, #5)",Beatrix Potter,,,,
"On the Banks of Plum Creek (Little House, #4)",Laura Ingalls Wilder,,,,
"The Magic Faraway Tree (The Faraway Tree, #2)",Enid Blyton,,,,
Elmer,David McKee,,,,
The Scrambled States of America,Laurie Keller,,,,
The Keeping Quilt,Patricia Polacco,,,,
Where's Waldo?,Martin Handford,,,,
Something from Nothing,Phoebe Gilman,,,,
The Twenty-One Balloons,William Pène du Bois,,,,
The Railway Children,E. Nesbit,,,,
The View from Saturday,E.L. Konigsburg,,,,
Old Possum's Book of Practical Cats,T.S. Eliot,,,,
Possum Magic,Mem Fox,,,,
Millions of Cats,Wanda Gág,,,,
"The Jungle Book (Jungle Book, #1)",Rudyard Kipling,,,,
Ox-Cart Man,Donald Hall,,,,
The Princess and the Goblin,George MacDonald,,,,
The Berenstain Bears Learn About Strangers,Stan Berenstain,,,,
The Help,Kathryn Stockett,,,,
"The Wonderful Flight to the Mushroom Planet (The Mushroom Planet, #1)",Eleanor Cameron,,,,
"Goodnight, Goodnight, Construction Site",Sherri Duskey Rinker,,,,
"Julie of the Wolves (Julie of the Wolves, #1)",Jean Craighead George,,,,
"Love That Dog (Jack, #1)",Sharon Creech,,,,
Moses the Kitten,James Herriot,,,,
"The Black Stallion (The Black Stallion, #1)",Walter Farley,,,,
"The Tale of Samuel Whiskers, or The Roly-Poly Pudding (World of Beatrix Potter, #13)",Beatrix Potter,,,,
How I Became a Pirate,Melinda Long,,,,
The Three Pigs,David Wiesner,,,,
Thomas' Snowsuit,Robert Munsch,,,,
The Escape of Princess Madeline  (Princess Madeline #1),Kirstin Pulioff,,,,
"The Tales of Beedle the Bard (Hogwarts Library, #3)",J.K. Rowling,,,,
"Diary of a Wimpy Kid (Diary of a Wimpy Kid, #1)",Jeff Kinney,,,,
"When We Were Very Young (Winnie-the-Pooh, #3)",A.A. Milne,,,,
"The Enchanted Wood (The Faraway Tree, #1)",Enid Blyton,,,,
The Big Orange Splot,Daniel Pinkwater,,,,
Mortimer,Robert Munsch,,,,
Doctor De Soto,William Steig,,,,
Leo the Lop,Stephen Cosgrove,,,,
Owen,Kevin Henkes,,,,
Red is Best,Kathy Stinson,,,,
A Christmas Carol,Charles Dickens,,,,
Madeline's Rescue,Ludwig Bemelmans,,,,
I Like Myself!,Karen Beaumont,,,,
"The High King (The Chronicles of Prydain, #5)",Lloyd Alexander,,,,
Hippos Go Berserk!,Sandra Boynton,,,,
Treasure Island,Robert Louis Stevenson,1100.0,Educational Testing,high,exact_match
The Day I Swapped My Dad for Two Goldfish,Neil Gaiman,,,,
"The Time Garden (Tales of Magic, #4)",Edward Eager,,,,
Bedknob and Broomstick,Mary Norton,,,,
"Magic by the Lake (Tales of Magic, #3)",Edward Eager,,,,
The Girl Who Loved Wild Horses,Paul Goble,,,,
David Goes to School,David Shannon,,,,
Tyrannosaurus Dad,Liz Rosenberg,,,,
Across Five Aprils,Irene Hunt,,,,
When the Moon Comes,Paul  Harbridge,,,,
Pete's a Pizza,William Steig,,,,
Rapunzel,Paul O. Zelinsky,,,,
Katy and the Big Snow,Virginia Lee Burton,,,,
"Gregor the Overlander (Underland Chronicles, #1)",Suzanne Collins,,,,
Fancy Nancy,Jane O'Connor,,,,
"The Wishing Spell (The Land of Stories, #1)",Chris Colfer,,,,
Math Curse,Jon Scieszka,,,,
Fanny's Dream,Caralyn Buehner,,,,
"Prince Caspian (Chronicles of Narnia, #2)",C.S. Lewis,,,,
"The Tale of Mrs. Tiggy-Winkle (World of Beatrix Potter, #6)",Beatrix Potter,,,,
"Redwall (Redwall, #1)",Brian Jacques,,,,
"Chitty Chitty Bang Bang (Chitty Chitty Bang Bang, #1)",Ian Fleming,,,,
"The Tale of Benjamin Bunny (World of Beatrix Potter, #4)",Beatrix Potter,,,,
"The Story of Doctor Dolittle (Doctor Dolittle, #1)",Hugh Lofting,,,,
Amos & Boris,William Steig,,,,
More Parts,Tedd Arnold,,,,
"There Is a Bird on Your Head! (Elephant & Piggie, #4)",Mo Willems,,,,
Eragon (The Inheritance Cycle #1),Christopher Paolini,,,,
Church Mouse,Graham Oakley,,,,
The Giant Jam Sandwich,John Vernon Lord,,,,
The Arrival,Shaun Tan,,,,
Our Animal Friends at Maple Hill Farm,Alice Provensen,,,,
"The Last Olympian (Percy Jackson and the Olympians, #5)",Rick Riordan,,,,
"The Tale of Tom Kitten (World of Beatrix Potter, #11)",Beatrix Potter,,,,
"Anne of Windy Poplars (Anne of Green Gables, #4)",L.M. Montgomery,,,,
"Wayside School Gets A Little Stranger (Wayside School, #3)",Louis Sachar,,,,
The Man Who Walked Between the Towers,Mordicai Gerstein,,,,
Peter's Chair,Ezra Jack Keats,,,,
"Gathering Blue (The Giver, #2)",Lois Lowry,,,,
The One and Only Ivan (The One and Only #1),Katherine Applegate,,,,
I'll Always Love You,Hans Wilhelm,,,,
The Whipping Boy,Sid Fleischman,,,,
In the Year of the Boar and Jackie Robinson,Bette Bao Lord,,,,
How Do Dinosaurs Eat Their Food?,Jane Yolen,,,,
The Christmas Day Kitten,James Herriot,,,,
The Lord of the Rings,J.R.R. Tolkien,,,,
Science Verse,Jon Scieszka,,,,
Harvey Potter's Balloon Farm,Jerdine Nolen,,,,
"Summer Story (Brambly Hedge, #2)",Jill Barklem,,,,
This Is Not My Hat,Jon Klassen,,,,
Tell Me Again About the Night I Was Born,Jamie Lee Curtis,,,,
The Watsons Go to Birmingham - 1963,Christopher Paul Curtis,,,,
Angelina on Stage,Katharine Holabird,,,,
Heckedy Peg,Audrey Wood,,,,
"Stand Tall, Molly Lou Melon",Patty Lovell,,,,
Blue Willow,Doris Gates,,,,
"Mr. Putter & Tabby Walk the Dog (Mr. Putter & Tabby, #2)",Cynthia Rylant,,,,
"The Children of Green Knowe (Green Knowe, #1)",Lucy M. Boston,,,,
"Five Run Away Together (Famous Five, #3)",Enid Blyton,,,,
The Ordinary Princess,M.M. Kaye,,,,
A Hole is to Dig,Ruth Krauss,,,,
"The Cay (The Cay, #1)",Theodore Taylor,,,,
"The Saturdays (The Melendy Family, #1)",Elizabeth Enright,,,,
"Caddie Woodlawn (Caddie Woodlawn, #1)",Carol Ryrie Brink,,,,
Abiyoyo,Pete Seeger,,,,
Goblins in the Castle (Minstrel Book),Bruce Coville,,,,
The Call of the Wild,Jack London,,,,
Walk Two Moons,Sharon Creech,770.0,Educational Testing,high,exact_match
The Velvet Room,Zilpha Keatley Snyder,,,,
Snowmen at Christmas,Caralyn Buehner,,,,
"Sarah, Plain and Tall (Sarah, Plain and Tall, #1)",Patricia MacLachlan,,,,
"The Titan’s Curse (Percy Jackson and the Olympians, #3)",Rick Riordan,,,,
Odd and the Frost Giants,Neil Gaiman,,,,
Uncle Bobby's Wedding,Sarah S. Brannen,,,,
"Daddy-Long-Legs (Daddy-Long-Legs, #1)",Jean Webster,,,,
"Spring Story (Brambly Hedge, #1)",Jill Barklem,,,,
Dogzilla,Dav Pilkey,,,,
"Winter Story (Brambly Hedge, #4)",Jill Barklem,,,,
I Ain't Gonna Paint No More!,Karen Beaumont,,,,
The Family Under the Bridge,Natalie Savage Carlson,,,,
"The Grey King (The Dark is Rising, #4)",Susan Cooper,,,,
"How to Train Your Dragon (How to Train Your Dragon, #1)",Cressida Cowell,,,,
"The Four-Story Mistake (The Melendy Family, #2)",Elizabeth Enright,,,,
Extra Yarn,Mac Barnett,,,,
Stick Man,Julia Donaldson,,,,
"Now We Are Six (Winnie-the-Pooh, #4)",A.A. Milne,,,,
"Good Night, Mr. Tom",Michelle Magorian,,,,
What Do You Do With a Kangaroo?,Mercer Mayer,,,,
"Pinkerton, Behave!",Steven Kellogg,,,,
Diary of a Spider,Doreen Cronin,,,,
"Midnight for Charlie Bone (The Children of the Red King, #1)",Jenny Nimmo,,,,
"Betsy-Tacy (Betsy-Tacy, #1)",Maud Hart Lovelace,,,,
"The Tailor of Gloucester (World of Beatrix Potter, #3)",Beatrix Potter,,,,
The Snail and the Whale,Julia Donaldson,,,,
Gulliver’s Travels,Jonathan Swift,,,,
Quidditch Through the Ages,J.K. Rowling,,,,
Saint George and the Dragon,Margaret Hodges,,,,
"Murmel, Murmel, Murmel",Robert Munsch,,,,
Floss,Kim  Lewis,,,,
"Welcome to Dead House (Goosebumps, #1)",R.L. Stine,,,,
"Misty of Chincoteague (Misty, #1)",Marguerite Henry,,,,
How to Make an Apple Pie and See the World,Marjorie Priceman,,,,
Stone Soup,Marcia Brown,,,,
Frosty the Snow Man,Annie North Bedford,,,,
Understood Betsy,Dorothy Canfield Fisher,,,,
"The Headless Cupid (Stanley Family, #1)",Zilpha Keatley Snyder,,,,
The Scarlet Letter,Nathaniel Hawthorne,,,,
"The Tale of Squirrel Nutkin (World of Beatrix Potter, #2)",Beatrix Potter,,,,
Pink and Say,Patricia Polacco,,,,
The Devil's Arithmetic,Jane Yolen,,,,
"Mossflower (Redwall, #2)",Brian Jacques,,,,
The Seven Chinese Brothers,Margaret Mahy,,,,
"Greenwitch (The Dark is Rising, #3)",Susan Cooper,,,,
The Real Mother Goose,Blanche Fisher Wright,,,,
Rosie's Walk,Pat Hutchins,,,,
"The Secret Staircase (Brambly Hedge, #5)",Jill Barklem,,,,
Pigs,Robert Munsch,,,,
Hoot,Carl Hiaasen,760.0,Educational Publishers,high,exact_match
Blueberry Girl,Neil Gaiman,,,,
Alphabet Adventure,Audrey Wood,,,,
"Julius, the Baby of the World",Kevin Henkes,,,,
Inch by Inch,Leo Lionni,,,,
Angelina and Alice,Katharine Holabird,,,,
"Artemis Fowl (Artemis Fowl, #1)",Eoin Colfer,,,,
Die kleine Hexe,Otfried Preußler,,,,
"The Tale of Jemima Puddle-Duck (World of Beatrix Potter, #12)",Beatrix Potter,,,,
"Thank You, Mr. Falker",Patricia Polacco,,,,
The Tale of Mrs. Tittlemouse,Beatrix Potter,,,,
David Gets in Trouble,David Shannon,,,,
Goodnight Opus,Berkeley Breathed,,,,
The Pushcart War,Jean Merrill,,,,
Little Pea,Amy Krouse Rosenthal,,,,
"Dealing with Dragons (Enchanted Forest Chronicles, #1)",Patricia C. Wrede,,,,
Curious George Makes Pancakes,Margret Rey,,,,
The Best-Loved Doll (An Owlet Book),Rebecca Caudill,,,,
The Incredible Book Eating Boy,Oliver Jeffers,,,,
"Jeremy Thatcher, Dragon Hatcher (Magic Shop, #2)",Bruce Coville,,,,
The Last of the Really Great Whangdoodles,Julie Andrews Edwards,,,,
Princess Furball,Charlotte S. Huck,,,,
"Magyk (Septimus Heap, #1)",Angie Sage,,,,
"De brief voor de koning (De brief voor de koning, #1)",Tonke Dragt,,,,
Chicken Sunday,Patricia Polacco,,,,
Katie John,Mary Calhoun,,,,
"The Mysterious Benedict Society and the Perilous Journey (The Mysterious Benedict Society, #2)",Trenton Lee Stewart,,,,
"Stargirl (Stargirl, #1)",Jerry Spinelli,,,,
"The War That Saved My Life (The War That Saved My Life, #1)",Kimberly Brubaker Bradley,,,,
The Maggie B.,Irene Haas,,,,
"Eight Cousins (Eight Cousins, #1)",Louisa May Alcott,,,,
The Old Woman Who Named Things,Cynthia Rylant,,,,
Do Princesses Wear Hiking Boots?,Carmela LaVigna Coyle,,,,
"The Worst Witch (Worst Witch, #1)",Jill Murphy,,,,
The House in the Night,Susan Marie Swanson,,,,
"Second Form at Malory Towers (Malory Towers, #2)",Enid Blyton,,,,
"Night of the Living Dummy (Goosebumps, #7)",R.L. Stine,,,,
"A Long Way from Chicago (A Long Way from Chicago, #1)",Richard Peck,,,,
The Incredible Adventures of Professor Branestawm,Norman Hunter,,,,
"The Castle of Llyr (The Chronicles of Prydain, #3)",Lloyd Alexander,,,,
The Clown of God,Tomie dePaola,,,,
"The Son of Neptune (The Heroes of Olympus, #2)",Rick Riordan,,,,
"The Battle of the Labyrinth (Percy Jackson and the Olympians, #4)",Rick Riordan,,,,
I Love You As Much...,Laura Krauss Melmed,,,,
Kat Kong,Dav Pilkey,,,,
Stuck,Oliver Jeffers,,,,
"The Frog Prince, Continued",Jon Scieszka,,,,
The Dangerous Alphabet,Neil Gaiman,,,,
"The Field Guide (The Spiderwick Chronicles, #1)",Tony DiTerlizzi,,,,
"The Lost Hero (The Heroes of Olympus, #1)",Rick Riordan,,,,
"The Dumb Bunnies (The Dumb Bunnies, #1)",Sue Denim,,,,
"The Red Pyramid (The Kane Chronicles, #1)",Rick Riordan,,,,
"Sam, Bangs & Moonshine",Evaline Ness,,,,
"The Maze of Bones  (The 39 Clues, #1)",Rick Riordan,,,,
"The End (A Series of Unfortunate Events, #13)",Lemony Snicket,,,,
What Katy Did,Susan Coolidge,,,,
"Pax (Pax, #1)",Sara Pennypacker,,,,
"Smile (Smile, #1)",Raina Telgemeier,,,,
Heather Has Two Mommies,Lesléa Newman,,,,
Only One Woof,James Herriot,,,,
The Incredible Journey,Sheila Burnford,,,,
The Rabbit Listened,Cori Doerrfeld,,,,
Mr. Putter & Tabby Pick the Pears,Cynthia Rylant,,,,
One Morning in Maine,Robert McCloskey,,,,
Dragons Love Tacos,Adam Rubin,,,,
King of the Dollhouse,Patricia Clapp,,,,
Snow,Uri Shulevitz,,,,
When I Was Young in the Mountains (Reading Rainbow Books),Cynthia Rylant,,,,
Lassie Come-Home,Eric Knight,,,,
"Seven-Day Magic (Tales of Magic, #7)",Edward Eager,,,,
The Midwife's Apprentice,Karen Cushman,,,,
The Sleeping Beauty,Trina Schart Hyman,,,,
There Was an Old Lady Who Swallowed a Fly,Simms Taback,,,,
Playing Beatie Bow,Ruth Park,,,,
"Dicey's Song (Tillerman Cycle, #2)",Cynthia Voigt,,,,
Once Upon a Cool Motorcycle Dude,Kevin O'Malley,,,,
You Are My I Love You,Maryann K. Cusimano,,,,
The Philharmonic Gets Dressed,Karla Kuskin,,,,
Where Is the Green Sheep?,Mem Fox,,,,
Busy Dizzy (Inspirational bedtime story for kids ages 4-8),Orly Katz,,,,
Old Yeller,Fred Gipson,,,,
The Magic Pudding,Norman Lindsay,,,,
Library Lion,Michelle Knudsen,,,,
"These Happy Golden Years (Little House, #8)",Laura Ingalls Wilder,,,,
"House of Many Ways (Howl's Moving Castle, #3)",Diana Wynne Jones,,,,
"The Great Brain (Great Brain, #1)",John D. Fitzgerald,,,,
Seedfolks,Paul Fleischman,,,,
Inside Out & Back Again,Thanhhà Lại,,,,
Crictor (Reading Rainbow Books),Tomi Ungerer,,,,
"Autumn Story (Brambly Hedge, #3)",Jill Barklem,,,,
A to Z,Sandra Boynton,,,,
"The Good, the Bad, and the Goofy (Time Warp Trio #3)",Jon Scieszka,,,,
Alexander and the Wind-Up Mouse,Leo Lionni,,,,
The Changeling,Zilpha Keatley Snyder,,,,
"Anne's House of Dreams (Anne of Green Gables, #5)",L.M. Montgomery,,,,
Kruistocht in spijkerbroek,Thea Beckman,,,,
"Judy Moody Gets Famous! (Judy Moody, #2)",Megan McDonald,,,,
An Old-Fashioned Girl,Louisa May Alcott,,,,
The Girl Who Drank the Moon,Kelly Barnhill,,,,
The Relatives Came,Cynthia Rylant,,,,
The Adventures of Danny Meadow Mouse,Thornton W. Burgess,,,,
Not a Stick (Not a Box),Antoinette Portis,,,,
The Three Robbers,Tomi Ungerer,,,,
Andrew Henry's Meadow,Doris Burn,,,,
Journey to the River Sea,Eva Ibbotson,,,,
"Anatole (Anatole, #1)",Eve Titus,,,,
"Ozma of Oz (Oz, #3)",L. Frank Baum,,,,
"The Dragonet Prophecy (Wings of Fire, #1)",Tui T. Sutherland,,,,
"The Ersatz Elevator (A Series of Unfortunate Events, #6)",Lemony Snicket,,,,
Time of Wonder,Robert McCloskey,,,,
If Kisses Were Colors,Janet Lawler,,,,
The Diary of a Church Mouse,Graham Oakley,,,,
"Aliens Ate My Homework (Alien Adventures, #1)",Bruce Coville,,,,
Last Stop on Market Street,Matt de la Peña,,,,
Mr. Putter & Tabby Spin the Yarn,Cynthia Rylant,,,,
When the Sky Is Like Lace,Elinor Lander Horwitz,,,,
"A Ring of Endless Light (Austin Family Chronicles, #4)",Madeleine L'Engle,,,,
"Mrs. Piggle-Wiggle's Farm (Mrs. Piggle Wiggle, #3)",Betty MacDonald,,,,
Little Blue Truck Leads the Way,Alice Schertle,,,,
Fantastic Beasts and Where to Find Them,Newt Scamander,,,,
Encyclopedia Brown Takes the Case (Encyclopedia Brown #10),Donald J. Sobol,,,,
Wonderstruck,Brian Selznick,,,,
Curious George Goes to a Movie,Margret Rey,,,,
"The Magician's Nephew / The Lion, The Witch and the Wardrobe / The Horse and His Boy (The Chronicles of Narnia Set #1-3)",C.S. Lewis,,,,
Pete the Sheep-Sheep,Jackie French,,,,
A Child's Christmas in Wales,Dylan Thomas,,,,
"The Carnivorous Carnival (A Series of Unfortunate Events, #9)",Lemony Snicket,,,,
"Rainbow Valley (Anne of Green Gables, #7)",L.M. Montgomery,,,,
"Catwings (Catwings, #1)",Ursula K. Le Guin,,,,
Mr. Putter & Tabby Make a Wish,Cynthia Rylant,,,,
"The Girl Who Circumnavigated Fairyland in a Ship of Her Own Making (Fairyland, #1)",Catherynne M. Valente,,,,
"Polar Bear, Polar Bear, What Do You Hear?",Bill Martin Jr.,,,,
The Princess and the Pig,Jonathan Emmett,,,,
"Farmer Boy (Little House, #2)",Laura Ingalls Wilder,,,,
"The Sword of Summer (Magnus Chase and the Gods of Asgard, #1)",Rick Riordan,,,,
I Want My Hat Back,Jon Klassen,,,,
"My Friend Is Sad (Elephant & Piggie, #2)",Mo Willems,,,,
"Bud, Not Buddy",Christopher Paul Curtis,,,,
"Lucinda's Secret (The Spiderwick Chronicles, #3)",Tony DiTerlizzi,,,,
Hello Ocean,Pam Muñoz Ryan,,,,
"Into the Land of the Unicorns (The Unicorn Chronicles, #1)",Bruce Coville,,,,
My Lucky Day,Keiko Kasza,,,,
Doll Bones,Holly Black,,,,
Le Petit Nicolas,René Goscinny,,,,
Goldilocks and the Three Dinosaurs,Mo Willems,,,,
Little Witch,Anna Elizabeth Bennett,,,,
"The Miserable Mill (A Series of Unfortunate Events, #4)",Lemony Snicket,,,,
Flutterby,Stephen Cosgrove,,,,
The Story of the Little Mole Who Went in Search of Whodunit,Werner Holzwarth,,,,
The Great Gilly Hopkins,Katherine Paterson,,,,
I Wanna Iguana,Karen Kaufman Orloff,,,,
Mouse Soup,Arnold Lobel,,,,
The Complete Adventures of Snugglepot and Cuddlepie,May Gibbs,,,,
Little Lord Fauntleroy,Frances Hodgson Burnett,,,,
The Gruffalo's Child,Julia Donaldson,,,,
Out of the Dust,Karen Hesse,,,,
Yo! Yes?,Chris Raschka,,,,
Frindle,Andrew Clements,830.0,Educational Publishers,high,exact_match
Journey (Journey Trilogy #1),Aaron Becker,,,,
Fortunately,Remy Charlip,,,,
Harry and the Terrible Whatzit,Dick Gackenbach,,,,
Pajama Time!,Sandra Boynton,,,,
The Gunniwolf,Wilhelmina Harper,,,,
"All-of-a-Kind Family Downtown (All-of-a-Kind-Family, #2)",Sydney Taylor,,,,
Peek-a-Boo,Janet Ahlberg,,,,
The Arctic Incident  (Artemis Fowl #2),Eoin Colfer,,,,
"Anastasia Krupnik (Anastasia Krupnik, #1)",Lois Lowry,,,,
Walter the Farting Dog,William Kotzwinkle,,,,
The Sissy Duckling,Harvey Fierstein,,,,
Tar Beach,Faith Ringgold,,,,
Angelina and Henry,Katharine Holabird,,,,
"More All-of-a-Kind Family (All-of-a-Kind-Family, #3)",Sydney Taylor,,,,
"Mr. Putter & Tabby Pour the Tea (Mr. Putter & Tabby, #1)",Cynthia Rylant,,,,
"Anne of Ingleside (Anne of Green Gables, #6)",L.M. Montgomery,,,,
"Rose in Bloom (Eight Cousins, #2)",Louisa May Alcott,,,,
The Garden of Abdul Gasazi,Chris Van Allsburg,,,,
How to Dig a Hole to the Other Side of the World,Faith McNulty,,,,
Stone Soup,Marilyn Sapienza,,,,
Me Too! (A Golden Look-Look Book),Mercer Mayer,,,,
How Do Dinosaurs Get Well Soon?,Jane Yolen,,,,
The Other Side,Jacqueline Woodson,,,,
Lady and the Tramp,Teddy Slater,,,,
"Fablehaven (Fablehaven, #1)",Brandon Mull,,,,
The Caboose Who Got Loose,Bill Peet,,,,
Mr. Putter & Tabby Take the Train,Cynthia Rylant,,,,
Jane of Lantern Hill,L.M. Montgomery,,,,
"""I Can't,"" Said the Ant",Polly Cameron,,,,
The Red Tree,Shaun Tan,,,,
A Sick Day for Amos McGee,Philip C. Stead,,,,
Ballet Shoes,Noel Streatfeild,,,,
Mr. Putter & Tabby Feed the Fish,Cynthia Rylant,,,,
Crow Boy,Taro Yashima,,,,
Mr. Gumpy's Outing,John Burningham,,,,
"A Splendid Friend, Indeed",Suzanne Bloom,,,,
The Three Questions,Jon J. Muth,,,,
Kitten's First Full Moon,Kevin Henkes,,,,
"Dogs Don't Tell Jokes (Someday Angeline, #2)",Louis Sachar,,,,
"Five Get Into Trouble (Famous Five, #8)",Enid Blyton,,,,
Mr. Putter & Tabby Catch the Cold,Cynthia Rylant,,,,
Trucks,Byron Barton,,,,
"The Princess in Black (The Princess in Black, #1)",Shannon Hale,,,,
"Howliday Inn (Bunnicula, #2)",James    Howe,,,,
"The Fellowship of the Ring (The Lord of the Rings, #1)",J.R.R. Tolkien,,,,
"Ender’s Game (Ender's Saga, #1)",Orson Scott Card,,,,
A Traveller in Time,Alison Uttley,,,,
Mr. Putter & Tabby Toot the Horn,Cynthia Rylant,,,,
Interrupting Chicken,David Ezra Stein,,,,
Strawberry Girl,Lois Lenski,,,,
The Pigeon Wants a Puppy!,Mo Willems,,,,
"The Castle in the Attic (The Castle in the Attic, #1)",Elizabeth Winthrop,,,,
"The Two Towers (The Lord of the Rings, #2)",J.R.R. Tolkien,,,,
"Knight's Castle (Tales of Magic, #2)",Edward Eager,,,,
Jabari Jumps,Gaia Cornwall,,,,
"The Celery Stalks at Midnight (Bunnicula, #3)",James    Howe,,,,
The Berenstains' B Book (Bright & Early Books),Stan Berenstain,,,,
"The Return of the King (The Lord of the Rings, #3)",J.R.R. Tolkien,,,,
Mr. Putter & Tabby Paint the Porch,Cynthia Rylant,,,,
"The Way Back Home (The Boy, #3)",Oliver Jeffers,,,,
"The School for Good and Evil (The School for Good and Evil, #1)",Soman Chainani,,,,
The Best Nest,P.D. Eastman,,,,
Too Much Noise,Ann McGovern,,,,
Bob's Booger,Scott Black,,,,
"Steam Train, Dream Train",Sherri Duskey Rinker,,,,
Put It On the List!,Kristen Darbyshire,,,,
The Star,Michele Breza,,,,
Charlotte Bakeman Has Her Say,Mary E. Finger,,,,
Angelina's Baby Sister,Katharine Holabird,,,,
The Night Gardener,Jonathan Auxier,,,,
The Little White Horse,Elizabeth Goudge,,,,
Beady Bear,Don Freeman,,,,
Farley Farts,Birte Müller,,,,
Jim Knopf und Lukas der Lokomotivführer,Michael Ende,,,,
The Witch Family,Eleanor Estes,,,,
Roverandom,J.R.R. Tolkien,,,,
Mr. Putter & Tabby See the Stars,Cynthia Rylant,,,,
"How to Speak Dragonese (How to Train Your Dragon, #3)",Cressida Cowell,,,,
"Wildwood (Wildwood Chronicles, #1)",Colin Meloy,,,,
Arnie the Doughnut,Laurie Keller,,,,
"The Sea of Trolls (Sea of Trolls, #1)",Nancy Farmer,,,,
The Chronicles of Prydain,Lloyd Alexander,,,,
Old Black Witch!,Wende Devlin,,,,
"The Last Straw (Diary of a Wimpy Kid, #3)",Jeff Kinney,,,,
Wolfie the Bunny,Ame Dyckman,,,,
"How to Catch a Star (The Boy, #1)",Oliver Jeffers,,,,
Mr. Putter & Tabby Row the Boat,Cynthia Rylant,,,,
"The Story Girl (The Story Girl, #1)",L.M. Montgomery,,,,
The Curious Incident of the Dog in the Night-Time,Mark Haddon,,,,
"How to Be a Pirate (How to Train Your Dragon, #2)",Cressida Cowell,,,,
"The Marvelous Land of Oz (Oz, #2)",L. Frank Baum,,,,
How Do Dinosaurs Go to School?,Jane Yolen,,,,
What Katy Did Next,Susan Coolidge,,,,
"Under Wildwood (Wildwood Chronicles, #2)",Colin Meloy,,,,
Mr. Putter & Tabby Spill the Beans,Cynthia Rylant,,,,
The Golden Road,L.M. Montgomery,,,,
The Water Hole,Graeme Base,,,,
Rudolph the Red-Nosed Reindeer,Barbara Shook Hazen,,,,
Judy Moody Saves the World! (Judy Moody #3),Megan McDonald,,,,
"Judy Moody Predicts the Future (Judy Moody, #4)",Megan McDonald,,,,
Ninja Red Riding Hood,Corey Rosen Schwartz,,,,
Ask Mr. Bear,Marjorie Flack,,,,
Where's Spot?,Eric Hill,,,,
Escape to Witch Mountain,Alexander Key,,,,
Chickens to the Rescue,John Himmelman,,,,
The Christmas Miracle of Jonathan Toomey,Susan Wojciechowski,,,,
How Do Dinosaurs Count to Ten?,Jane Yolen,,,,
Mr. Putter & Tabby Fly the Plane,Cynthia Rylant,,,,
"The Hostile Hospital (A Series of Unfortunate Events, #8)",Lemony Snicket,,,,
The Tenth Good Thing About Barney,Judith Viorst,,,,
Crazy hair,Neil Gaiman,,,,
"You Can Do It, Sam",Amy Hest,,,,
"The Dark Secret (Wings of Fire, #4)",Tui T. Sutherland,,,,
Everyone Knows What a Dragon Looks Like,Jay Williams,,,,
Dandelion Wine,Ray Bradbury,,,,
Two Bad Ants,Chris Van Allsburg,,,,
Ladybug Girl,David Soman,,,,
"The Mark of Athena (The Heroes of Olympus, #3)",Rick Riordan,,,,
Smelly Socks,Robert Munsch,,,,
The Puppy Who Wanted a Boy,Jane Thayer,,,,
Miss Hickory,Carolyn Sherwin Bailey,,,,
The Okay Book,Todd Parr,,,,
Pinduli,Janell Cannon,,,,
Stone Soup,Ann McGovern,,,,
Saturday Night at the Dinosaur Stomp,Carol Diggory Shields,,,,
"A Boy, a Dog, and a Frog",Mercer Mayer,,,,
"The Stupids Step Out (The Stupids, #1)",Harry Allard,,,,
"Mother Bruce (Mother Bruce, #1)",Ryan T.  Higgins,,,,
Where's My Teddy?,Jez Alborough,,,,
"The Subtle Knife (His Dark Materials, #2)",Philip Pullman,,,,
The Light Princess,George MacDonald,,,,
"The People of Sparks (Book of Ember, #2)",Jeanne DuPrau,,,,
Piggie Pie!,Margie Palatini,,,,
"The Serpent's Shadow (The Kane Chronicles, #3)",Rick Riordan,,,,
The Happy Lion,Louise Fatio,,,,
Who's on First?,Bud Abbott,,,,
Red Ranger Came Calling,Berkeley Breathed,,,,
An Anteater Named Arthur,Bernard Waber,,,,
The Mousehole Cat,Antonia Barber,,,,
Otis,Loren Long,,,,
Scaredy Squirrel,Mélanie Watt,,,,
Slinky Malinki,Lynley Dodd,,,,
Superworm,Julia Donaldson,,,,
Toot & Puddle,Holly Hobbie,,,,
The Lemonade Club,Patricia Polacco,,,,
The Knight Who Was Afraid of the Dark,Barbara Shook Hazen,,,,
"Chasing Vermeer (Chasing Vermeer, #1)",Blue Balliett,,,,
Whatever Next!,Jill Murphy,,,,
Liesl & Po,Lauren Oliver,,,,
Six-Dinner Sid,Inga Moore,,,,
Something Else,Kathryn Cave,,,,
I Was a Rat!,Philip Pullman,,,,
The Dark,Lemony Snicket,,,,
Okay for Now,Gary D. Schmidt,,,,
"The Chimneys of Green Knowe (Green Knowe, #2)",Lucy M. Boston,,,,
The Quiet Book,Deborah Underwood,,,,
Fly Away Home,Eve Bunting,,,,
Punk Farm,Jarrett J. Krosoczka,,,,
A Visitor for Bear,Bonny Becker,,,,
Pushkin's Fairy Tales,Alexander Pushkin,,,,
"Molly Moon's Incredible Book of Hypnotism (Molly Moon, #1)",Georgia Byng,,,,
Dancing Shoes,Noel Streatfeild,,,,
"The House of Hades (The Heroes of Olympus, #4)",Rick Riordan,,,,
The Bed and Breakfast Star,Jacqueline Wilson,,,,
"Olivia Forms a Band (Olivia, #4)",Ian Falconer,,,,
My Sister Jodie,Jacqueline Wilson,,,,
Grandma and the Pirates,Phoebe Gilman,,,,
Abel's Island,William Steig,,,,
Owl in Love,Patrice Kindl,,,,
The Farthest-Away Mountain,Lynne Reid Banks,,,,
Anya's Ghost,Vera Brosgol,,,,
Big Pumpkin,Erica Silverman,,,,
"My Teacher Is an Alien (My Teacher Is an Alien, #1)",Bruce Coville,,,,
"I Am Invited to a Party! (Elephant & Piggie, #3)",Mo Willems,,,,
Fancy Nancy and the Fabulous Fashion Boutique,Jane O'Connor,,,,
"One Crazy Summer (Gaither Sisters, #1)",Rita Williams-Garcia,,,,
"The Grim Grotto (A Series of Unfortunate Events, #11)",Lemony Snicket,,,,
So Much,Trish Cooke,,,,
Knots on a Counting Rope (Reading Rainbow Books),Bill Martin Jr.,,,,
My Life in Dog Years,Gary Paulsen,,,,
"Today I Will Fly! (Elephant & Piggie, #1)",Mo Willems,,,,
"The Amber Spyglass (His Dark Materials, #3)",Philip Pullman,,,,
Stephanie's Ponytail,Robert Munsch,,,,
Box Turtle at Long Pond,William T. George,,,,
Tops & Bottoms,Janet Stevens,,,,
The Father Christmas Letters,J.R.R. Tolkien,,,,
"Are You Ready to Play Outside? (Elephant & Piggie, #7)",Mo Willems,,,,
Disney's Beauty and the Beast Word Book (Golden Books),Barbara Bazaldua,,,,
Hairy Maclary from Donaldson's Dairy,Lynley Dodd,,,,
Zoom!,Robert Munsch,,,,
The Shy Stegosaurus of Cricket Creek (The Shy Stegosaurus #1),Evelyn Sibley Lampman,,,,
Mirette on the High Wire,Emily Arnold McCully,,,,
"The Sea of Monsters (Percy Jackson and the Olympians, #2)",Rick Riordan,,,,
Song and Dance Man,Karen Ackerman,,,,
"I Am Going! (Elephant and Piggie, #11)",Mo Willems,,,,
"Dog Days (Diary of a Wimpy Kid, #4)",Jeff Kinney,,,,
"The Dare Game (Tracy Beaker, #2)",Jacqueline Wilson,,,,
Mick Harte Was Here,Barbara Park,,,,
The Children of Húrin,J.R.R. Tolkien,,,,
The Silmarillion,J.R.R. Tolkien,,,,
"Dinosaurs Before Dark (Magic Tree House, #1)",Mary Pope Osborne,,,,
Little Rabbit Foo Foo,Michael Rosen,,,,
Arrow to the Sun,Gerald McDermott,,,,
Richard Scarry's Best Rainy Day Book Ever,Richard Scarry,,,,
My Pony,Susan Jeffers,,,,
"One False Note (The 39 Clues, #2)",Gordon Korman,,,,
"The Court of the Stone Children (Stone Children, #1)",Eleanor Cameron,,,,
"The Evolution of Calpurnia Tate (Calpurnia Tate, #1)",Jacqueline Kelly,,,,
"Ptolemy's Gate (Bartimaeus, #3)",Jonathan Stroud,,,,
The Jolly Christmas Postman,Janet Ahlberg,,,,
"Rodrick Rules (Diary of a Wimpy Kid, #2)",Jeff Kinney,,,,
Three Little Kittens (Folk Tale Classics),Paul Galdone,,,,
"Waiting Is Not Easy! (Elephant & Piggie, #22)",Mo Willems,,,,
"Girls in Love (Girls, #1)",Jacqueline Wilson,,,,
If You Give a Cat a Cupcake,Laura Joffe Numeroff,,,,
"Hip, Hip, Hooray for Annie McRae",Brad Wilcox,,,,
The Enchanted Castle,E. Nesbit,,,,
"The Folk of the Faraway Tree (The Faraway Tree, #3)",Enid Blyton,,,,
"Miss Peregrine's Home for Peculiar Children (Miss Peregrine's Peculiar Children, #1)",Ransom Riggs,,,,
"Cabin Fever (Diary of a Wimpy Kid, #6)",Jeff Kinney,,,,
Hey! Wake Up!,Sandra Boynton,,,,
"The Story of Tracy Beaker (Tracy Beaker, #1)",Jacqueline Wilson,,,,
Stormbreaker (Alex Rider #1),Anthony Horowitz,,,,
"The Emperor of Nihon-Ja (Ranger's Apprentice, #10)",John Flanagan,,,,
Judy Moody Declares Independence (Judy Moody #6),Megan McDonald,,,,
"The Golem's Eye (Bartimaeus, #2)",Jonathan Stroud,,,,
"The Lost Stories (Ranger's Apprentice, #11)",John Flanagan,,,,
"The Wide Window (A Series of Unfortunate Events, #3)",Lemony Snicket,,,,
"Who Could That Be at This Hour? (All the Wrong Questions, #1)",Lemony Snicket,,,,
Starry River of the Sky,Grace Lin,,,,
"The Amulet of Samarkand (Bartimaeus, #1)",Jonathan Stroud,,,,
"The Kings of Clonmel (Ranger's Apprentice, #8)",John Flanagan,,,,
A Wrinkle in Time,Madeleine L'Engle,740.0,MetaMetrics Database,high,exact_match
"John, Paul, George & Ben",Lane Smith,,,,
The Pink Motel,Carol Ryrie Brink,,,,
"The Sword in the Stone (Once and Future King, #1)",T.H. White,,,,
"Judy Moody and the Not Bummer Summer (Judy Moody, #10)",Megan McDonald,,,,
Cowardly Clyde,Bill Peet,,,,
Library Mouse (Library Mouse #1),Daniel Kirk,,,,
Where the Mountain Meets the Moon,Grace Lin,,,,
Brown Girl Dreaming,Jacqueline Woodson,,,,
"The Mad Scientists' Club (Mad Scientists' Club, #1)",Bertrand R. Brinley,,,,
The 13 Clocks,James Thurber,,,,
"The Hammer of Thor (Magnus Chase and the Gods of Asgard, #2)",Rick Riordan,,,,
"The Siege of Macindaw (Ranger's Apprentice, #6)",John Flanagan,,,,
Demon Dentist,David Walliams,,,,
We Found a Hat,Jon Klassen,,,,
"Thank You, Omu! (Caldecott Honor Book)",Oge Mora,,,,
First Snow,Kim  Lewis,,,,
The School Story,Andrew Clements,,,,
"Tennis Shoes (Shoes, #2)",Noel Streatfeild,,,,
"Gone-Away Lake (Gone-Away Lake, #1)",Elizabeth Enright,,,,
Watercress,Andrea Wang,,,,
The Wall,Eve Bunting,,,,
"Five on a Treasure Island (Famous Five, #1)",Enid Blyton,,,,
Curious George Visits the Zoo,Margret Rey,,,,
The Cry of the Icemark,Stuart Hill,,,,
If You Were My Bunny,Kate McMullan,,,,
Igraine Ohnefurcht,Cornelia Funke,,,,
The King Who Rained,Fred Gwynne,,,,
Biscuit,Alyssa Satin Capucilli,,,,
"Erak's Ransom (Ranger's Apprentice, #7)",John Flanagan,,,,
"Mary Had a Little Glam (Mary Had a Little Glam, 1)",Tammi Sauer,,,,
"The Austere Academy (A Series of Unfortunate Events, #5)",Lemony Snicket,,,,
Mr. Putter & Tabby Stir the Soup,Cynthia Rylant,,,,
The Enormous Egg,Oliver Butterworth,,,,
The Family From One End Street,Eve Garnett,,,,
Strega Nona's Magic Lessons,Tomie dePaola,,,,
"Last Sacrifice (Vampire Academy, #6)",Richelle Mead,,,,
Drop Dead,Babette Cole,,,,
"Ruby the Red Fairy (Rainbow Magic, #1)",Daisy Meadows,,,,
Lilly's Big Day,Kevin Henkes,,,,
Friend or Foe,Michael Morpurgo,,,,
"Merry Christmas, Strega Nona",Tomie dePaola,,,,
"Harry Potter and the Philosopher’s Stone (Harry Potter, #1)",J.K. Rowling,,,,
"Song of the Wanderer (The Unicorn Chronicles, #2)",Bruce Coville,,,,
Mrs. McNosh Hangs Up Her Wash,Sarah Weeks,,,,
"Octagon Magic (The Magic Series, #2)",Andre Norton,,,,
What Was That!,Geda Bradley Mathews,,,,
"You're a Hero, Daley B!",Jon Blake,,,,
The Monster's Ring,Bruce Coville,,,,
Bullfrog Pops!,Rick Walton,,,,
"Please, Baby, Please",Spike Lee,,,,
Cinder Edna,Ellen Jackson,,,,
Quest (Journey Trilogy #2),Aaron Becker,,,,
"The Horse and His Boy (Chronicles of Narnia, #5)",C.S. Lewis,,,,
Dog Heaven,Cynthia Rylant,,,,
The Moffats,Eleanor Estes,,,,
Elbert's Bad Word,Audrey Wood,,,,
"All Creatures Great and Small (All Creatures Great and Small, #1-2)",James Herriot,,,,
Just Grandma and Me (A Golden Look-Look Book),Mercer Mayer,,,,
Cloudy with a Chance of Meatballs,Judi Barrett,,,,
Just a Nap,Mercer Mayer,,,,
The Secret World of Og,Pierre Berton,,,,
"Junie B. Jones Is a Party Animal (Junie B. Jones, #10)",Barbara Park,,,,
"The Lion, the Witch and the Wardrobe / The Magician's Nephew",C.S. Lewis,,,,
Flutterby Fly,Stephen Cosgrove,,,,
"Movie Shoes (Shoes, #6)",Noel Streatfeild,,,,
The Bed Book,Sylvia Plath,,,,
McDuff and the Baby,Rosemary Wells,,,,
"Junie B. Jones and Some Sneaky Peeky Spying (Junie B. Jones, #4)",Barbara Park,,,,
Mrs Frisby and the Rats of NIMH,Robert C. O'Brien,,,,
The Happy Hocky Family,Lane Smith,,,,
Dirty Bertie,David   Roberts,,,,
Sport (Harriet the Spy #3),Louise Fitzhugh,,,,
"Junie B., First Grader: Toothless Wonder (Junie B. Jones, #20)",Barbara Park,,,,
"Junie B. Jones Loves Handsome Warren (Junie B. Jones, #7)",Barbara Park,,,,
Boris and Bella,Carolyn Crimi,,,,
"The Eternity Code (Artemis Fowl, #3)",Eoin Colfer,,,,
The Z Was Zapped,Chris Van Allsburg,,,,
Hairy Maclary's Rumpus at the Vet,Lynley Dodd,,,,
Trapper,Stephen Cosgrove,,,,
There Was a Bold Lady Who Wanted a Star,Charise Mericle Harper,,,,
"Junie B. Jones Smells Something Fishy (Junie B. Jones, #12)",Barbara Park,,,,
Growing Vegetable Soup,Lois Ehlert,,,,
"Junie B. Jones Is Not a Crook (Junie B. Jones, #9)",Barbara Park,,,,
A Taste of Blackberries,Doris Buchanan Smith,,,,
A Gift of Magic,Lois Duncan,,,,
"Black Hearts in Battersea (The Wolves Chronicles, #2)",Joan Aiken,,,,
I Love You Because You're You,Liza Baker,,,,
How My Parents Learned to Eat,Ina R. Friedman,,,,
ABC3D,Marion Bataille,,,,
Baseball Saved Us,Ken Mochizuki,,,,
What Do You Do With an Idea?,Kobi Yamada,,,,
Monkey and Me,Emily Gravett,,,,
Jane-Emily,Patricia Clapp,,,,
The Prince and the Pauper,Mark Twain,,,,
The New Kid on the Block,Jack Prelutsky,,,,
Amazing Grace,Mary Hoffman,,,,
Open House for Butterflies,Ruth Krauss,,,,
Adventures of Cow,Lori Korchek,,,,
A Spell Is Cast,Eleanor Cameron,,,,
Curious George Goes to the Hospital,Margret Rey,,,,
"Junie B. Jones and the Yucky Blucky Fruitcake (Junie B. Jones, #5)",Barbara Park,,,,
"Flyte (Septimus Heap, #2)",Angie Sage,,,,
The Tale of Three Trees,Angela Elwell Hunt,,,,
The Story of Tracy Beaker,Jacqueline Wilson,,,,
The Happy Prince and Other Tales,Oscar Wilde,,,,
"Junie B. Jones Is a Beauty Shop Guy (Junie B. Jones, #11)",Barbara Park,,,,
Ballet Shoes (Shoes #1),Noel Streatfeild,,,,
"Tales from a Not-So-Talented Pop Star (Dork Diaries, #3)",Rachel Renée Russell,,,,
Oh say can you say di-no-saur?,Bonnie Worth,,,,
The Wuggie Norple Story,Daniel Pinkwater,,,,
Amandina,Sergio Ruzzier,,,,
Heart of a Tiger,Marsha Diane Arnold,,,,
Angel in the Waters,Regina Doman,,,,
The Grumpy Dump Truck,Brie Spangler,,,,
"100 Cupboards (The 100 Cupboards, #1)",N.D. Wilson,,,,
Everywhere Babies,Susan Meyers,,,,
Noises at Night,Beth Raisner Glass,,,,
Uncle Arnel and the Swamp Witch (Uncle Arnel Series),Alison Hoffman Lane,,,,
Nathan Saves Summer / Nathan rescata el verano,Gerry Renert,,,,
The Star-Child,Oscar Wilde,,,,
"Hush, Little Alien",Daniel Kirk,,,,
The High Rise Glorious Skittle Skat Roarious Sky Pie Angel Food Cake,Nancy Willard,,,,
"The Far Side of Evil (Elana, #2)",Sylvia Engdahl,,,,
Quiet Bunny,Lisa McCue,,,,
The Moon Came Down on Milk Street,Jean Gralley,,,,
Fig Pudding,Ralph Fletcher,,,,
The Goodbye Cancer Garden,Janna Matthies,,,,
Nancy and Plum,Betty MacDonald,,,,
The Pea in Peanut Butter,Allyn M. Stotz,,,,
"The Land of Miu (Land of Miu, #1)",Karen Lee Field,,,,
"The Cat That Made Nothing Something Again (The Cat That, #1)",James D. Maxon,,,,
Summer at Buckhorn,Anna Rose Wright,,,,
Sofia's Dream,Land Wilson,,,,
Fire! Fire!,Gail Gibbons,,,,
Gorgeous George and The Giant Geriatric Generator,Stuart  Reid,,,,
The Christmas Cookie Sprinkle Snitcher,Robert Kraus,,,,
"Fright Flight (Dream Seekers, #1)",Lisa Ard,,,,
Coat of Many Colors,Dolly Parton,,,,
If You Decide to Go to the Moon,Faith McNulty,,,,
Puzzled by Pink,Sarah Frances Hardy,,,,
Gus Was a Friendly Ghost,Jane Thayer,,,,
Little Green,Arnold Rudnick,,,,
Bears on Chairs,Shirley Parenteau,,,,
Catie the Copycat,Juliana Howard,,,,
Blacky the Crow,Thornton W. Burgess,,,,
One for the Murphys,Lynda Mullaly Hunt,,,,
Pink is Just a Color and so is Blue,Niki Bhatia,,,,
Snow White,Trixie Belle,,,,
Bats at the Ballgame (A Bat Book),Brian Lies,,,,
Geraldine's Blanket,Holly Keller,,,,
The Rabbits' Wedding,Garth Williams,,,,
Run With the Wind,Caroline Pitcher,,,,
A Wet Monday,Dorothy Edwards,,,,
The Sea-Thing Child,Russell Hoban,,,,
Bink and Slinky's Ark Adventure,Donna Arlynn Frisinger,,,,
Recess Rules,Jill Vialet,,,,
"Scuttle, the Stowaway Mouse",Jean Soule,,,,
Queste (Septimus Heap #4),Angie Sage,,,,
Cat on the Hill,Michael Foreman,,,,
Where the Wild Things Are,Maurice Sendak,740.0,MetaMetrics Database,high,exact_match
The Very Hungry Caterpillar,Eric Carle,460.0,Scholastic Reading Inventory,high,exact_match
The Giving Tree,Shel Silverstein,550.0,MetaMetrics Database,high,exact_match
Green Eggs and Ham,Dr. Seuss,30.0,Educational Testing Service,high,exact_match
Goodnight Moon,Margaret Wise Brown,130.0,Scholastic Reading Inventory,high,exact_match
"The Cat in the Hat (Cat in the Hat, #1)",Dr. Seuss,,,,
Where the Sidewalk Ends,Shel Silverstein,,,,
The Lorax,Dr. Seuss,560.0,Educational Testing Service,high,exact_match
How the Grinch Stole Christmas!,Dr. Seuss,480.0,Educational Testing Service,high,exact_match
"One Fish, Two Fish, Red Fish, Blue Fish",Dr. Seuss,190.0,Educational Testing Service,high,exact_match
Matilda,Roald Dahl,840.0,Publisher Data,high,exact_match
Are You My Mother?,P.D. Eastman,160.0,Beginner Books,high,exact_match
"Oh, the Places You’ll Go!",Dr. Seuss,,,,
"Frog and Toad Are Friends (Frog and Toad, #1)",Arnold Lobel,,,,
Guess How Much I Love You,Sam McBratney,,,,
Horton Hears a Who!,Dr. Seuss,480.0,Educational Testing Service,high,exact_match
"Charlie and the Chocolate Factory (Charlie Bucket, #1)",Roald Dahl,,,,
The BFG,Roald Dahl,720.0,Educational Publishers,high,exact_match
James and the Giant Peach,Roald Dahl,870.0,Educational Publishers,high,exact_match
"Go, Dog. Go!",P.D. Eastman,180.0,Beginner Books,high,exact_match
Fox in Socks,Dr. Seuss,320.0,Educational Testing Service,high,exact_match
"Little Bear (Little Bear, #1)",Else Holmelund Minarik,,,,
Falling Up,Shel Silverstein,,,,
The Sneetches and Other Stories,Dr. Seuss,,,,
"The Mouse and the Motorcycle (Ralph S. Mouse, #1)",Beverly Cleary,,,,
"Ramona the Pest (Ramona, #2)",Beverly Cleary,,,,
Hop On Pop,Dr. Seuss,100.0,Educational Testing Service,high,exact_match
Horton Hatches the Egg,Dr. Seuss,,,,
The Runaway Bunny,Margaret Wise Brown,,,,
A Light in the Attic,Shel Silverstein,,,,
"Frog and Toad Together (Frog and Toad, #2)",Arnold Lobel,,,,
And to Think That I Saw It on Mulberry Street,Dr. Seuss,,,,
The Kissing Hand,Audrey Penn,,,,
"Tales of a Fourth Grade Nothing (Fudge, #1)",Judy Blume,,,,
"Are You There God? It’s Me, Margaret",Judy Blume,,,,
There's a Wocket in My Pocket!,Dr. Seuss,,,,
The Invention of Hugo Cabret,Brian Selznick,,,,
In the Night Kitchen,Maurice Sendak,,,,
The Grouchy Ladybug,Eric Carle,,,,
"Beezus and Ramona (Ramona, #1)",Beverly Cleary,,,,
The Graveyard Book,Neil Gaiman,,,,
"The Gruffalo (Gruffalo, #1)",Julia Donaldson,,,,
The Butter Battle Book,Dr. Seuss,,,,
The 500 Hats of Bartholomew Cubbins,Dr. Seuss,,,,
"Frog and Toad All Year (Frog and Toad, #3)",Arnold Lobel,,,,
The Twits,Roald Dahl,530.0,Educational Publishers,high,exact_match
The Very Busy Spider,Eric Carle,,,,
"Ramona Quimby, Age 8 (Ramona, #6)",Beverly Cleary,,,,
"The Hunger Games (The Hunger Games, #1)",Suzanne Collins,,,,
Verdi,Janell Cannon,,,,
"Ramona the Brave (Ramona, #3)",Beverly Cleary,,,,
Dr. Seuss's Sleep Book,Dr. Seuss,,,,
"Charlie and the Great Glass Elevator (Charlie Bucket, #2)",Roald Dahl,,,,
If I Ran the Zoo,Dr. Seuss,,,,
Black Beauty,Anna Sewell,1010.0,Classic Literature Database,high,exact_match
"Henry Huggins (Henry Huggins, #1)",Beverly Cleary,,,,
Esio Trot,Roald Dahl,,,,
"Papa, Please Get the Moon for Me",Eric Carle,,,,
"Ramona and Her Father (Ramona, #4)",Beverly Cleary,,,,
The Very Quiet Cricket,Eric Carle,,,,
"Otherwise Known as Sheila the Great (Fudge, #2)",Judy Blume,,,,
Outside Over There,Maurice Sendak,,,,
"Dear Mr. Henshaw (Leigh Botts, #1)",Beverly Cleary,,,,
"A Wind in the Door (Time Quintet, #2)",Madeleine L'Engle,,,,
Oh Say Can You Say?,Dr. Seuss,,,,
"Henry and Ribsy (Henry Huggins, #3)",Beverly Cleary,,,,
"Ramona and Her Mother (Ramona Quimby, #5)",Beverly Cleary,,,,
"Summer of My German Soldier (Summer of My German Soldier, #1)",Bette Greene,,,,
It's a Book,Lane Smith,,,,
If I Ran the Circus,Dr. Seuss,,,,
Miss Bindergarten Gets Ready for Kindergarten,Joseph Slate,,,,
Thidwick the Big-Hearted Moose,Dr. Seuss,,,,
Hooray For Diffendoofer Day!,Dr. Seuss,,,,
My Many Colored Days,Dr. Seuss,,,,
The Magic Finger,Roald Dahl,,,,
The Tiny Seed,Eric Carle,,,,
Happy Birthday to You!,Dr. Seuss,,,,
"Little Bear's Visit (Little Bear, #4)",Else Holmelund Minarik,,,,
I Can Read with My Eyes Shut!,Dr. Seuss,,,,
I Wish That I Had Duck Feet,Dr. Seuss,,,,
Did I Ever Tell You How Lucky You Are?,Dr. Seuss,,,,
Alligators All Around,Maurice Sendak,,,,
McElligot's Pool,Dr. Seuss,,,,
Emily's Runaway Imagination,Beverly Cleary,,,,
Officer Buckle and Gloria,Peggy Rathmann,,,,
"Among the Hidden (Shadow Children, #1)",Margaret Peterson Haddix,,,,
The Missing Piece Meets the Big O,Shel Silverstein,,,,
"Ramona Forever (Ramona, #7)",Beverly Cleary,,,,
Ten Apples Up on Top,Dr. Seuss,,,,
Big Red Barn,Margaret Wise Brown,,,,
Blubber,Judy Blume,590.0,Educational Testing,high,exact_match
"Henry and Beezus (Henry Huggins, #2)",Beverly Cleary,,,,
"Leonardo, the Terrible Monster",Mo Willems,,,,
The Very Lonely Firefly (Penguin Young Readers Level 2),Eric Carle,,,,
A Monster Calls,Patrick Ness,,,,
From Head to Toe,Eric Carle,,,,
"Owl at Home (I Can Read, Level 2)",Arnold Lobel,,,,
Pete the Cat: I Love My White Shoes,Eric Litwin,,,,
Little Fur Family,Margaret Wise Brown,,,,
Press Here,Hervé Tullet,,,,
"Junie B. Jones and the  Stupid Smelly Bus (Junie B. Jones, #1)",Barbara Park,,,,
Scrambled Eggs Super!,Dr. Seuss,,,,
I Am Not Going to Get up Today!,Dr. Seuss,,,,
"Superfudge (Fudge, #3)",Judy Blume,,,,
"The Opal Deception (Artemis Fowl, #4)",Eoin Colfer,,,,
"Runaway Ralph (Ralph S. Mouse, #2)",Beverly Cleary,,,,
Animals Animals,Eric Carle,,,,
"The White Mountains (The Tripods, #1)",John Christopher,,,,
A Bargain for Frances (I Can Read Level 2),Russell Hoban,,,,
"Ellen Tebbits (Ellen & Otis, #1)",Beverly Cleary,,,,
Wave,Suzy Lee,,,,
Henry Huggins Collection (Henry Huggins #1-4),Beverly Cleary,,,,
I Have to Go!,Robert Munsch,,,,
Freckle Juice,Judy Blume,,,,
Would You Rather Be a Bullfrog?,Dr. Seuss,,,,
"Junie B. Jones and the Mushy Gushy Valentime (Junie B. Jones, #14)",Barbara Park,,,,
The Farmer and the Clown (The Farmer Books),Marla Frazee,,,,
Grasshopper on the Road (I Can Read Level 2),Arnold Lobel,,,,
The Giraffe and the Pelly and Me,Roald Dahl,,,,
"Yoko (A Yoko Book, 1)",Rosemary Wells,,,,
Revolting Rhymes,Roald Dahl,,,,
"Junie B. Jones and a Little Monkey Business (Junie B. Jones, #2)",Barbara Park,,,,
"Out of My Mind (Out of My Mind, #1)",Sharon M. Draper,,,,
Socks,Beverly Cleary,,,,
The Curious Garden,Peter  Brown,,,,
Miss Bindergarten Celebrates the 100th Day of Kindergarten,Joseph Slate,,,,
"Going Solo (Roald Dahl's Autobiography, #2)",Roald Dahl,,,,
Fantastic Mr Fox,Roald Dahl,,,,
"Junie B. Jones Is Captain Field Day (Junie B. Jones, #16)",Barbara Park,,,,
"Junie B. Jones and That Meanie Jim's Birthday (Junie B. Jones, #6)",Barbara Park,,,,
"Junie B. Jones Is (Almost) a Flower Girl (Junie B. Jones, #13)",Barbara Park,,,,
"Ramona's World (Ramona Quimby, #8)",Beverly Cleary,,,,
"Junie B. Jones Has a Monster Under Her Bed (Junie B. Jones, #8)",Barbara Park,,,,
Cat in the Hat Comes Back,Dr. Seuss,,,,
The Gift of Nothing,Patrick McDonnell,,,,
