title,author,current_ml_estimate,ml_confidence,search_query,google_search_url,verified_lexile,lexile_source,collection_date,notes,status,lexile_prefix,lexile_numeric,book_type,predicted_lexile_age_model,age_model_confidence,prediction_method
Where The Wild Things Are,Maurice Sendak,1045.0,0.9,"""Where the Wild Things Are"" ""Maurice Sendak"" lexile level",https://www.google.com/search?q=Where+the+Wild+Things+Are+Maurice+Sendak+lexile+level,AD740,Educational Resources,2025-09-03,"AD=Adult Directed for ages 5-8, Grades K-3, AR 3.4, Caldecott Medal",Complete,AD,740.0,Adult_Directed,,,
"The Cat In The Hat (Cat In The Hat, #1)",Dr. Seuss,1091.0,0.9,"""The Cat in the Hat"" ""Dr. Seuss"" lexile level",https://www.google.com/search?q=The+Cat+in+the+Hat+Dr.+Seuss+lexile+level,430.0,Multiple Educational Sources,2025-09-03,"Fountas & Pinnell J, ATOS 2.1, Ages 3-7, 61 pages",Complete,,430.0,Standard_Lexile,,,
Green Eggs And Ham,Dr. Seuss,1356.0,0.8,"""Green Eggs and Ham"" ""Dr. Seuss"" lexile level",https://www.google.com/search?q=Green+Eggs+and+Ham+Dr.+Seuss+lexile+level,30.0,Official Amazon/Educational Sources,2025-09-03,"Uses only 50 words, 49 monosyllabic, Flesch Reading Ease 113.1; Ages 2-5, Pre-K to 1st grade, uses only 50 words, beginner reader",Complete,,30.0,Standard_Lexile,,,
Goodnight Moon,Margaret Wise Brown,1096.0,0.9,"""Goodnight Moon"" ""Margaret Wise Brown"" lexile level",https://www.google.com/search?q=Goodnight+Moon+Margaret+Wise+Brown+lexile+level,AD360,LightSailed,2025-09-03,"AD=Adult Directed, Fountas & Pinnell H, 4 words per page, ages 0-4",Complete,AD,360.0,Adult_Directed,,,
The Very Hungry Caterpillar,Eric Carle,1316.0,0.8,"""The Very Hungry Caterpillar"" ""Eric Carle"" lexile level",https://www.google.com/search?q=The+Very+Hungry+Caterpillar+Eric+Carle+lexile+level,AD460,Multiple Educational Sources,2025-09-03,"AD=Adult Directed, Guided Reading Level J, ages 3-7, classic picture book",Complete,AD,460.0,Adult_Directed,,,
Bridge To Terabithia,Katherine Paterson,1172.0,0.9,"""Bridge to Terabithia"" ""Katherine Paterson"" lexile level",https://www.google.com/search?q=Bridge+to+Terabithia+Katherine+Paterson+lexile+level,810.0,LightSailed/Educational Sources,2025-09-03,"AR 4.6, Grades 4-7, Ages 10-13, Newbery Medal Winner 1978",Complete,,810.0,Standard_Lexile,,,
Matilda,Roald Dahl,1288.0,0.8,"""Matilda"" ""Roald Dahl"" lexile level",https://www.google.com/search?q=Matilda+Roald+Dahl+lexile+level,840.0,LightSail Educational Platform,2025-09-03,"AR Level 5.0, Guided Reading Level R, Grades 3-4, Ages 8-12",Complete,,840.0,Standard_Lexile,,,
The Bfg,Roald Dahl,1253.0,0.8,"""The BFG"" ""Roald Dahl"" lexile level",https://www.google.com/search?q=The+BFG+Roald+Dahl+lexile+level,720.0,LightSail Educational Platform,2025-09-03,"ATOS Level 4.8, Grades 4-6, Ages 7-10, Classic Roald Dahl",Complete,,720.0,Standard_Lexile,,,
"Charlie And The Chocolate Factory (Charlie Bucket, #1)",Roald Dahl,1309.0,0.8,"""Charlie and the Chocolate Factory"" ""Roald Dahl"" lexile level",https://www.google.com/search?q=Charlie+and+the+Chocolate+Factory+Roald+Dahl+lexile+level,810.0,Multiple Educational Sources,2025-09-03,"AR Level 4.8, Guided Reading Level R, Ages 8-12, Classic Roald Dahl",Complete,,810.0,Standard_Lexile,,,
The Giving Tree,Shel Silverstein,1092.0,0.9,"""The Giving Tree"" ""Shel Silverstein"" lexile level",https://www.google.com/search?q=The+Giving+Tree+Shel+Silverstein+lexile+level,530,Multiple Educational Sources,2025-09-03,"Ages 6-8, Grade 2-3, 64 pages, ~10 words per page, classic picture book",Complete,,530.0,Standard_Lexile,,,
Corduroy,Don Freeman,1023.0,0.9,"""Corduroy"" ""Don Freeman"" lexile level",https://www.google.com/search?q=Corduroy+Don+Freeman+lexile+level,600,Educational Reader's Guide,2025-09-03,"ATOS 3.5, Ages 3-8, Classic picture book, Don Freeman",Complete,,600.0,Standard_Lexile,,,
Madeline,Ludwig Bemelmans,1092.0,0.9,"""Madeline"" ""Ludwig Bemelmans"" lexile level",https://www.google.com/search?q=Madeline+Ludwig+Bemelmans+lexile+level,AD680,Multiple Educational Sources,2025-09-03,"AD=Adult Directed, Grades K-2, Classic picture book, Ludwig Bemelmans; Ages 4-8, Kindergarten to 3rd grade, classic picture book",Complete,AD,680.0,Adult_Directed,,,
Stellaluna,Janell Cannon,1216.0,0.8,"""Stellaluna"" ""Janell Cannon"" lexile level",https://www.google.com/search?q=Stellaluna+Janell+Cannon+lexile+level,AD550,Multiple Educational Sources,2025-09-03,"AD=Adult Directed, ATOS 3.5, Ages 1-6, Bat picture book, Janell Cannon",Complete,AD,550.0,Adult_Directed,,,
"Diary Of A Wimpy Kid (Diary Of A Wimpy Kid, #1)",Jeff Kinney,1218.0,0.8,"""Diary of a Wimpy Kid"" ""Jeff Kinney"" lexile level",https://www.google.com/search?q=Diary+of+a+Wimpy+Kid+Jeff+Kinney+lexile+level,950,LightSail Educational Platform,2025-09-03,"Grades 4-6, Ages 8-12, Graphic novel format, Contemporary humor series",Complete,,950.0,Standard_Lexile,,,
"Dinosaurs Before Dark (Magic Tree House, #1)",Mary Pope Osborne,1276.0,0.8,"""Magic Tree House"" ""Mary Pope Osborne"" lexile level",https://www.google.com/search?q=Magic+Tree+House+Mary+Pope+Osborne+lexile+level,510,Multiple Educational Sources,2025-09-03,"AR 2.5, Ages 6-9, Grades 2-3, Adventure series, Mary Pope Osborne",Complete,,510.0,Standard_Lexile,,,
"Junie B. Jones Is A Party Animal (Junie B. Jones, #10)",Barbara Park,1280.0,0.8,"""Junie B. Jones"" ""Barbara Park"" lexile level",https://www.google.com/search?q=Junie+B.+Jones+Barbara+Park+lexile+level,380,Multiple Educational Sources,2025-09-03,"AR 2.8, Ages 6-9, Grades 1-3, Chapter book series, Barbara Park",Complete,,380.0,Standard_Lexile,,,
"The Adventures Of Captain Underpants (Captain Underpants, #1)",Dav Pilkey,1520.0,0.6,"""Captain Underpants"" ""Dav Pilkey"" lexile level",https://www.google.com/search?q=Captain+Underpants+Dav+Pilkey+lexile+level,720,Multiple Educational Sources,2025-09-03,"Grades 2-5, Ages 7-10, Graphic novel humor series, Dav Pilkey",Complete,,720.0,Standard_Lexile,,,
"Inside The Human Body (The Magic School Bus, #3)",Joanna Cole,1257.0,0.8,"""The Magic School Bus"" ""Joanna Cole"" lexile level",https://www.google.com/search?q=The+Magic+School+Bus+Joanna+Cole+lexile+level,,,,"Ages 5-9, Grades 1-4, educational science series; Predicted: 465L (age model)",Pending,,,,465.0,High,Age-based model
"Wonder (Wonder, #1)",R.J. Palacio,1318.0,0.8,"""Wonder"" ""R.J. Palacio"" lexile level",https://www.google.com/search?q=Wonder+R.J.+Palacio+lexile+level,790,LightSail Educational Platform,2025-09-03,"AR 4.8, Guided Reading U, Ages 8-12, Grades 3-7, Newbery Honor",Complete,,790.0,Standard_Lexile,,,
Number The Stars,Lois Lowry,1188.0,0.9,"""Number the Stars"" ""Lois Lowry"" lexile level",https://www.google.com/search?q=Number+the+Stars+Lois+Lowry+lexile+level,670,Multiple Educational Sources,2025-09-03,"AR 4.5, Ages 10-12, Grades 4-6, WWII historical fiction, Newbery Medal",Complete,,670.0,Standard_Lexile,,,
"The Giver (The Giver, #1)",Lois Lowry,1092.0,0.9,"""The Giver"" ""Lois Lowry"" lexile level",https://www.google.com/search?q=The+Giver+Lois+Lowry+lexile+level,760,LightSail Educational Platform,2025-09-03,"ATOS 5.7, Ages 12-14, Grades 6-8, Newbery Medal, dystopian themes",Complete,,760.0,Standard_Lexile,,,
"Holes (Holes, #1)",Louis Sachar,1239.0,0.8,"""Holes"" ""Louis Sachar"" lexile level",https://www.google.com/search?q=Holes+Louis+Sachar+lexile+level,660,Multiple Educational Sources,2025-09-03,"AR 4.6, Guided Reading V, Ages 9-12, Grades 4-8, Newbery Medal",Complete,,660.0,Standard_Lexile,,,
"Hatchet (Brian'S Saga, #1)",Gary Paulsen,1293.0,0.8,"""Hatchet"" ""Gary Paulsen"" lexile level",https://www.google.com/search?q=Hatchet+Gary+Paulsen+lexile+level,1020,Multiple Educational Sources,2025-09-03,"AR 5.7, Ages 10-14, Grades 5-8, Survival adventure, Gary Paulsen classic",Complete,,1020.0,Standard_Lexile,,,
Island Of The Blue Dolphins,Scott O'Dell,1010.0,0.9,"""Island of the Blue Dolphins"" ""Scott O'Dell"" lexile level",https://www.google.com/search?q=Island+of+the+Blue+Dolphins+Scott+O'Dell+lexile+level,1000,Multiple Educational Sources,2025-09-03,"Grades 4-6, Newbery Medal 1961, Survival story, Scott O'Dell classic; Ages 8-12, Grades 4-6, Newbery Medal winner 1961",Complete,,1000.0,Standard_Lexile,,,
"A Wrinkle In Time (Time Quintet, #1)",Madeleine L'Engle,1203.0,0.8,"""A Wrinkle in Time"" ""Madeleine L'Engle"" lexile level",https://www.google.com/search?q=A+Wrinkle+in+Time+Madeleine+L'Engle+lexile+level,740,LightSail Educational Platform,2025-09-03,"ATOS 4.7, Guided Reading R, Ages 9-12, Newbery Medal, Science fiction classic",Complete,,740.0,Standard_Lexile,,,
"The Lion, The Witch And The Wardrobe (Chronicles Of Narnia, #1)",C.S. Lewis,1227.0,0.8,"""The Lion, the Witch and the Wardrobe"" ""C.S. Lewis"" lexile level","https://www.google.com/search?q=The+Lion,+the+Witch+and+the+Wardrobe+C.S.+Lewis+lexile+level",940,Multiple Educational Sources,2025-09-03,"ATOS 5.7, Guided Reading T, Grades 4-7, Fantasy classic, C.S. Lewis; Ages 8-12, Grades 4-7, fantasy classic",Complete,,940.0,Standard_Lexile,,,
Bob'S Booger,Scott Black,582.0,0.9,"""Bob'S Booger"" ""Scott Black"" lexile level",https://www.google.com/search?q=Bob'S+Booger+Scott+Black+lexile+level,,,,,Sample_Transitional,,,,,,
The Poky Little Puppy,Janette Sebring Lowrey,971.0,0.9,"""The Poky Little Puppy"" ""Janette Sebring Lowrey"" lexile level",https://www.google.com/search?q=The+Poky+Little+Puppy+Janette+Sebring+Lowrey+lexile+level,,,,"Ages 2-5, classic children's book",Sample_Middle_Grade,,,,,,
Make Way For Ducklings,Robert Mccloskey,980.0,0.9,"""Make Way For Ducklings"" ""Robert Mccloskey"" lexile level",https://www.google.com/search?q=Make+Way+For+Ducklings+Robert+Mccloskey+lexile+level,,,,"Ages 3-7, Pre-K to 2nd grade, Caldecott Medal winner; Predicted: 461L (age model)",Sample_Middle_Grade,,,,461.0,High,Age-based model
Clifford The Big Red Dog,Norman Bridwell,994.0,0.9,"""Clifford The Big Red Dog"" ""Norman Bridwell"" lexile level",https://www.google.com/search?q=Clifford+The+Big+Red+Dog+Norman+Bridwell+lexile+level,,,,"Ages 3-7, Pre-K to 2nd grade, beginning reader series; Predicted: 443L (age model)",Sample_Middle_Grade,,,,443.0,High,Age-based model
"Watership Down (Watership Down, #1)",Richard Adams,970.0,0.9,"""Watership Down (Watership Down, #1)"" ""Richard Adams"" lexile level","https://www.google.com/search?q=Watership+Down+(Watership+Down,+#1)+Richard+Adams+lexile+level",,,,"Ages 10-16, Grades 5-10, complex animal fantasy; Predicted: 915L (age model)",Sample_Middle_Grade,,,,915.0,High,Age-based model
Five Little Monkeys Jumping On The Bed,Eileen Christelow,935.0,0.9,"""Five Little Monkeys Jumping On The Bed"" ""Eileen Christelow"" lexile level",https://www.google.com/search?q=Five+Little+Monkeys+Jumping+On+The+Bed+Eileen+Christelow+lexile+level,,,,"Ages 2-6, Pre-K to 1st grade, counting/bedtime story; Predicted: 439L (age model)",Sample_Middle_Grade,,,,439.0,High,Age-based model
Owl Babies,Martin Waddell,788.0,0.9,"""Owl Babies"" ""Martin Waddell"" lexile level",https://www.google.com/search?q=Owl+Babies+Martin+Waddell+lexile+level,,,,"Ages 3-7, Pre-K to 1st grade, British picture book about separation anxiety; Predicted: 453L (age model)",Sample_Middle_Grade,,,,453.0,High,Age-based model
The Country Bunny And The Little Gold Shoes,Dubose Heyward,985.0,0.9,"""The Country Bunny And The Little Gold Shoes"" ""Dubose Heyward"" lexile level",https://www.google.com/search?q=The+Country+Bunny+And+The+Little+Gold+Shoes+Dubose+Heyward+lexile+level,,,,"Ages 4-8, classic Easter story",Sample_Middle_Grade,,,,,,
Diary Of A Worm,Doreen Cronin,948.0,0.9,"""Diary Of A Worm"" ""Doreen Cronin"" lexile level",https://www.google.com/search?q=Diary+Of+A+Worm+Doreen+Cronin+lexile+level,,,,"Ages 4-8, picture book",Sample_Middle_Grade,,,,,,
"Miss Nelson Is Back (Miss Nelson, #2)",Harry Allard,977.0,0.9,"""Miss Nelson Is Back (Miss Nelson, #2)"" ""Harry Allard"" lexile level","https://www.google.com/search?q=Miss+Nelson+Is+Back+(Miss+Nelson,+#2)+Harry+Allard+lexile+level",,,,"Ages 4-8, elementary chapter book",Sample_Middle_Grade,,,,,,
Duck On A Bike,David Shannon,994.0,0.9,"""Duck On A Bike"" ""David Shannon"" lexile level",https://www.google.com/search?q=Duck+On+A+Bike+David+Shannon+lexile+level,,,,"Ages 3-7, Pre-K to 2nd grade, David Shannon book; Predicted: 443L (age model)",Sample_Middle_Grade,,,,443.0,High,Age-based model
"Good Dog, Carl (Good Dog, Carl, #1)",Alexandra Day,824.0,0.9,"""Good Dog, Carl (Good Dog, Carl, #1)"" ""Alexandra Day"" lexile level","https://www.google.com/search?q=Good+Dog,+Carl+(Good+Dog,+Carl,+#1)+Alexandra+Day+lexile+level",,,,"Ages 1-3 (board book), 4-8 (other editions), wordless picture book",Sample_Middle_Grade,,,,,,
If You Take A Mouse To School,Laura Numeroff,768.0,0.9,"""If You Take A Mouse To School"" ""Laura Numeroff"" lexile level",https://www.google.com/search?q=If+You+Take+A+Mouse+To+School+Laura+Numeroff+lexile+level,,,,"Ages 3-7, If You Give series",Sample_Middle_Grade,,,,,,
A Fly Went By,Mike Mcclintock,879.0,0.9,"""A Fly Went By"" ""Mike Mcclintock"" lexile level",https://www.google.com/search?q=A+Fly+Went+By+Mike+Mcclintock+lexile+level,,,,"Ages 4-8, Grades 1-2, beginner reader, cumulative story; Predicted: 459L (age model)",Sample_Middle_Grade,,,,459.0,High,Age-based model
The Pigeon Finds A Hot Dog!,Mo Willems,845.0,0.9,"""The Pigeon Finds A Hot Dog!"" ""Mo Willems"" lexile level",https://www.google.com/search?q=The+Pigeon+Finds+A+Hot+Dog!+Mo+Willems+lexile+level,,,,"Ages 3-7, Pre-K to 2nd grade, Mo Willems series; Predicted: 443L (age model)",Sample_Middle_Grade,,,,443.0,High,Age-based model
"The Silver Chair (Chronicles Of Narnia, #4)",C.S. Lewis,999.0,0.9,"""The Silver Chair (Chronicles Of Narnia, #4)"" ""C.S. Lewis"" lexile level","https://www.google.com/search?q=The+Silver+Chair+(Chronicles+Of+Narnia,+#4)+C.S.+Lewis+lexile+level",,,,"Ages 8-12, Grades 4-7, Narnia series book 4; Predicted: 863L (age model)",Sample_Middle_Grade,,,,863.0,High,Age-based model
Charlotte'S Web,E.B. White,1167.0,0.9,"""Charlotte'S Web"" ""E.B. White"" lexile level",https://www.google.com/search?q=Charlotte'S+Web+E.B.+White+lexile+level,,,,"Ages 7-11, classic children's literature",Sample_Advanced,,,,,,
If You Give A Mouse A Cookie,Laura Joffe Numeroff,1244.0,0.8,"""If You Give A Mouse A Cookie"" ""Laura Joffe Numeroff"" lexile level",https://www.google.com/search?q=If+You+Give+A+Mouse+A+Cookie+Laura+Joffe+Numeroff+lexile+level,,,,"Ages 3-7, Pre-K to 2nd grade, circular story pattern; Predicted: 443L (age model)",Sample_Advanced,,,,443.0,High,Age-based model
Love You Forever,Robert Munsch,1244.0,0.8,"""Love You Forever"" ""Robert Munsch"" lexile level",https://www.google.com/search?q=Love+You+Forever+Robert+Munsch+lexile+level,,,,"Ages 3-8, All ages, emotional family story; Predicted: 480L (age model)",Sample_Advanced,,,,480.0,High,Age-based model
Corduroy,Don Freeman,1023.0,0.9,"""Corduroy"" ""Don Freeman"" lexile level",https://www.google.com/search?q=Corduroy+Don+Freeman+lexile+level,600,Educational Reader's Guide,2025-09-03,"ATOS 3.5, Ages 3-8, Classic picture book, Don Freeman",Complete,,600.0,Standard_Lexile,,,
Madeline,Ludwig Bemelmans,1092.0,0.9,"""Madeline"" ""Ludwig Bemelmans"" lexile level",https://www.google.com/search?q=Madeline+Ludwig+Bemelmans+lexile+level,AD680,Multiple Educational Sources,2025-09-03,"AD=Adult Directed, Grades K-2, Classic picture book, Ludwig Bemelmans; Ages 4-8, Kindergarten to 3rd grade, classic picture book",Complete,AD,680.0,Adult_Directed,,,
The Velveteen Rabbit,Margery Williams Bianco,1203.0,0.8,"""The Velveteen Rabbit"" ""Margery Williams Bianco"" lexile level",https://www.google.com/search?q=The+Velveteen+Rabbit+Margery+Williams+Bianco+lexile+level,,,,"Ages 4-8, Grades 1-3, classic children's literature; Predicted: 480L (age model)",Sample_Advanced,,,,480.0,High,Age-based model
The Monster At The End Of This Book,Jon Stone,1236.0,0.8,"""The Monster At The End Of This Book"" ""Jon Stone"" lexile level",https://www.google.com/search?q=The+Monster+At+The+End+Of+This+Book+Jon+Stone+lexile+level,,,,"Ages 3-7, Pre-K to 2nd grade, interactive Sesame Street book; Predicted: 434L (age model)",Sample_Advanced,,,,434.0,High,Age-based model
Chicka Chicka Boom Boom,Bill Martin Jr.,1084.0,0.9,"""Chicka Chicka Boom Boom"" ""Bill Martin Jr."" lexile level",https://www.google.com/search?q=Chicka+Chicka+Boom+Boom+Bill+Martin+Jr.+lexile+level,,,,"Ages 2-6, Pre-K to 1st grade, alphabet learning; Predicted: 439L (age model)",Sample_Advanced,,,,439.0,High,Age-based model
"Brown Bear, Brown Bear, What Do You See?",Bill Martin Jr.,1149.0,0.9,"""Brown Bear, Brown Bear, What Do You See?"" ""Bill Martin Jr."" lexile level","https://www.google.com/search?q=Brown+Bear,+Brown+Bear,+What+Do+You+See?+Bill+Martin+Jr.+lexile+level",,,,"Ages 2-5, Pre-K to 1st grade, repetitive pattern book; Predicted: 427L (age model)",Sample_Advanced,,,,427.0,High,Age-based model
"Alexander And The Terrible, Horrible, No Good, Very Bad Day",Judith Viorst,1261.0,0.8,"""Alexander And The Terrible, Horrible, No Good, Very Bad Day"" ""Judith Viorst"" lexile level","https://www.google.com/search?q=Alexander+And+The+Terrible,+Horrible,+No+Good,+Very+Bad+Day+Judith+Viorst+lexile+level",,,,"Ages 4-8, Grades 1-3, dealing with bad days; Predicted: 459L (age model)",Sample_Advanced,,,,459.0,High,Age-based model
"Harold And The Purple Crayon (Harold, #1)",Crockett Johnson,1329.0,0.8,"""Harold And The Purple Crayon (Harold, #1)"" ""Crockett Johnson"" lexile level","https://www.google.com/search?q=Harold+And+The+Purple+Crayon+(Harold,+#1)+Crockett+Johnson+lexile+level",,,,"Ages 3-7, Pre-K to 2nd grade, imagination and creativity; Predicted: 434L (age model)",Sample_Young_Adult,,,,434.0,High,Age-based model
"The Chronicles Of Narnia (The Chronicles Of Narnia, #1-7)",C.S. Lewis,1380.0,0.8,"""The Chronicles Of Narnia (The Chronicles Of Narnia, #1-7)"" ""C.S. Lewis"" lexile level","https://www.google.com/search?q=The+Chronicles+Of+Narnia+(The+Chronicles+Of+Narnia,+#1-7)+C.S.+Lewis+lexile+level",,,,"Ages 8-14, Grades 4-8, complete fantasy series; Predicted: 881L (age model)",Sample_Young_Adult,,,,881.0,High,Age-based model
The Stinky Cheese Man And Other Fairly Stupid Tales,Jon Scieszka,1490.0,0.8,"""The Stinky Cheese Man And Other Fairly Stupid Tales"" ""Jon Scieszka"" lexile level",https://www.google.com/search?q=The+Stinky+Cheese+Man+And+Other+Fairly+Stupid+Tales+Jon+Scieszka+lexile+level,,,,"Ages 6-10, Grades 2-4, fractured fairy tales; Predicted: 606L (age model)",Sample_Young_Adult,,,,606.0,High,Age-based model
The Paper Bag Princess,Robert Munsch,1419.0,0.8,"""The Paper Bag Princess"" ""Robert Munsch"" lexile level",https://www.google.com/search?q=The+Paper+Bag+Princess+Robert+Munsch+lexile+level,,,,"Ages 4-8, Grades 1-3, feminist fairy tale; Predicted: 459L (age model)",Sample_Young_Adult,,,,459.0,High,Age-based model
The Adventures Of Tom Sawyer,Mark Twain,1547.0,0.6,"""The Adventures Of Tom Sawyer"" ""Mark Twain"" lexile level",https://www.google.com/search?q=The+Adventures+Of+Tom+Sawyer+Mark+Twain+lexile+level,,,,"Ages 10-14, Grades 5-8, classic American literature; Predicted: 917L (age model)",Sample_Young_Adult,,,,917.0,High,Age-based model
Frog and Toad Are Friends,Arnold Lobel,,,"""Frog and Toad Are Friends"" ""Arnold Lobel"" lexile level","https://www.google.com/search?q=""Frog+and+Toad+Are+Friends""+""Arnold+Lobel""+lexile+level",400,Scholastic/Educational Sources,2025-09-03,"I Can Read Level 2, Ages 4-8, Classic early reader series, AR: 2.2, Guided Reading: K",Complete,,400.0,Standard_Lexile,,,Web Research Collection
Frog and Toad Together,Arnold Lobel,,,"""Frog and Toad Together"" ""Arnold Lobel"" lexile level","https://www.google.com/search?q=""Frog+and+Toad+Together""+""Arnold+Lobel""+lexile+level",420,Educational Sources,2025-09-03,"I Can Read Level 2, Newbery Honor Winner, Ages 4-8, AR: 2.5, Guided Reading: K",Complete,,420.0,Standard_Lexile,,,Web Research Collection
Frog and Toad All Year,Arnold Lobel,,,"""Frog and Toad All Year"" ""Arnold Lobel"" lexile level","https://www.google.com/search?q=""Frog+and+Toad+All+Year""+""Arnold+Lobel""+lexile+level",380,Educational Sources,2025-09-03,"I Can Read Level 2, Ages 4-8, Seasonal stories, AR: 2.1, Guided Reading: K",Complete,,380.0,Standard_Lexile,,,Web Research Collection
Henry and Mudge: The First Book,Cynthia Rylant,,,"""Henry and Mudge: The First Book"" ""Cynthia Rylant"" lexile level","https://www.google.com/search?q=""Henry+and+Mudge:+The+First+Book""+""Cynthia+Rylant""+lexile+level",400,Educational Sources,2025-09-03,"Ready-to-Read Level 2, Ages 6-9, AR 3.5, AR: 3.5, Guided Reading: J",Complete,,400.0,Standard_Lexile,,,Web Research Collection
Henry and Mudge Take the Big Test,Cynthia Rylant,,,"""Henry and Mudge Take the Big Test"" ""Cynthia Rylant"" lexile level","https://www.google.com/search?q=""Henry+and+Mudge+Take+the+Big+Test""+""Cynthia+Rylant""+lexile+level",440,Book Retailer Verified,2025-09-03,"Ready-to-Read Level 2, Ages 6-9, Chapter book series, AR: 3.7, Guided Reading: J",Complete,,440.0,Standard_Lexile,,,Web Research Collection
Henry and Mudge and the Best Day of All,Cynthia Rylant,,,"""Henry and Mudge and the Best Day of All"" ""Cynthia Rylant"" lexile level","https://www.google.com/search?q=""Henry+and+Mudge+and+the+Best+Day+of+All""+""Cynthia+Rylant""+lexile+level",460,Educational Sources,2025-09-03,"Ready-to-Read Level 2, Ages 6-9, AR: 3.8, Guided Reading: J",Complete,,460.0,Standard_Lexile,,,Web Research Collection
Amelia Bedelia,Peggy Parish,,,"""Amelia Bedelia"" ""Peggy Parish"" lexile level","https://www.google.com/search?q=""Amelia+Bedelia""+""Peggy+Parish""+lexile+level",410,Educational Sources,2025-09-03,"I Can Read Level 2, Ages 4-8, Classic literal interpretation humor, AR: 2.8, Guided Reading: I",Complete,,410.0,Standard_Lexile,,,Web Research Collection
Amelia Bedelia and the Surprise Shower,Peggy Parish,,,"""Amelia Bedelia and the Surprise Shower"" ""Peggy Parish"" lexile level","https://www.google.com/search?q=""Amelia+Bedelia+and+the+Surprise+Shower""+""Peggy+Parish""+lexile+level",390,Educational Sources,2025-09-03,"I Can Read Level 2, Ages 4-8, AR: 2.6, Guided Reading: I",Complete,,390.0,Standard_Lexile,,,Web Research Collection
Young Cam Jansen and the Dinosaur Game,David A. Adler,,,"""Young Cam Jansen and the Dinosaur Game"" ""David A. Adler"" lexile level","https://www.google.com/search?q=""Young+Cam+Jansen+and+the+Dinosaur+Game""+""David+A.+Adler""+lexile+level",440,Educational Sources,2025-09-03,"Early reader mystery series, Ages 6-9, AR: 3.2, Guided Reading: I",Complete,,440.0,Standard_Lexile,,,Web Research Collection
Cam Jansen and the Mystery of the Stolen Diamonds,David A. Adler,,,"""Cam Jansen and the Mystery of the Stolen Diamonds"" ""David A. Adler"" lexile level","https://www.google.com/search?q=""Cam+Jansen+and+the+Mystery+of+the+Stolen+Diamonds""+""David+A.+Adler""+lexile+level",520,Educational Sources,2025-09-03,"Chapter book mystery series, Ages 7-10, AR: 3.8, Guided Reading: L",Complete,,520.0,Standard_Lexile,,,Web Research Collection
Flat Stanley,Jeff Brown,,,"""Flat Stanley"" ""Jeff Brown"" lexile level","https://www.google.com/search?q=""Flat+Stanley""+""Jeff+Brown""+lexile+level",400,Educational Sources,2025-09-03,"I Can Read Level 2, Ages 4-8, Adventure series, AR: 3.0, Guided Reading: J",Complete,,400.0,Standard_Lexile,,,Web Research Collection
Flat Stanley: His Original Adventure!,Jeff Brown,,,"""Flat Stanley: His Original Adventure!"" ""Jeff Brown"" lexile level","https://www.google.com/search?q=""Flat+Stanley:+His+Original+Adventure!""+""Jeff+Brown""+lexile+level",420,Educational Sources,2025-09-03,"I Can Read Level 2, Ages 4-8, AR: 3.1, Guided Reading: J",Complete,,420.0,Standard_Lexile,,,Web Research Collection
Mercy Watson to the Rescue,Kate DiCamillo,,,"""Mercy Watson to the Rescue"" ""Kate DiCamillo"" lexile level","https://www.google.com/search?q=""Mercy+Watson+to+the+Rescue""+""Kate+DiCamillo""+lexile+level",480,Educational Sources,2025-09-03,"Early chapter book, Ages 6-9, Theodor Seuss Geisel Medal, AR: 3.5, Guided Reading: J",Complete,,480.0,Standard_Lexile,,,Web Research Collection
Mercy Watson Goes for a Ride,Kate DiCamillo,,,"""Mercy Watson Goes for a Ride"" ""Kate DiCamillo"" lexile level","https://www.google.com/search?q=""Mercy+Watson+Goes+for+a+Ride""+""Kate+DiCamillo""+lexile+level",490,Educational Sources,2025-09-03,"Early chapter book, Ages 6-9, AR: 3.6, Guided Reading: J",Complete,,490.0,Standard_Lexile,,,Web Research Collection
Dog Man,Dav Pilkey,,,"""Dog Man"" ""Dav Pilkey"" lexile level","https://www.google.com/search?q=""Dog+Man""+""Dav+Pilkey""+lexile+level",GN390.0,Scholastic/Official Sources,2025-09-03,"GN390L, Graphic novel, Ages 6-9, Grades 1-3, AR 2.6, AR: 2.6, Guided Reading: M",Complete,GN,390.0,Graphic_Novel,,,Web Research Collection
Dog Man Unleashed,Dav Pilkey,,,"""Dog Man Unleashed"" ""Dav Pilkey"" lexile level","https://www.google.com/search?q=""Dog+Man+Unleashed""+""Dav+Pilkey""+lexile+level",GN410.0,Educational Sources,2025-09-03,"Graphic novel series, Ages 6-9, AR 2.8, AR: 2.8, Guided Reading: M",Complete,GN,410.0,Graphic_Novel,,,Web Research Collection
Dont Let the Pigeon Drive the Bus!,Mo Willems,,,"""Dont Let the Pigeon Drive the Bus!"" ""Mo Willems"" lexile level","https://www.google.com/search?q=""Dont+Let+the+Pigeon+Drive+the+Bus!""+""Mo+Willems""+lexile+level",120,MetaMetrics/Official Sources,2025-09-03,"Caldecott Honor, Ages 2-6, Guided Reading I, DRA 16, AR: 1.6, Guided Reading: I",Complete,,120.0,Standard_Lexile,,,Web Research Collection
Knuffle Bunny: A Cautionary Tale,Mo Willems,,,"""Knuffle Bunny: A Cautionary Tale"" ""Mo Willems"" lexile level","https://www.google.com/search?q=""Knuffle+Bunny:+A+Cautionary+Tale""+""Mo+Willems""+lexile+level",460,Educational Sources,2025-09-03,"Caldecott Honor, Ages 3-7, AR 1.6, AR: 1.6, Guided Reading: J",Complete,,460.0,Standard_Lexile,,,Web Research Collection
Elephant and Piggie: I Will Take a Bath,Mo Willems,,,"""Elephant and Piggie: I Will Take a Bath"" ""Mo Willems"" lexile level","https://www.google.com/search?q=""Elephant+and+Piggie:+I+Will+Take+a+Bath""+""Mo+Willems""+lexile+level",140,Educational Sources,2025-09-03,"Theodor Seuss Geisel Medal, Ages 3-6, Guided Reading G, AR: 0.5, Guided Reading: G",Complete,,140.0,Standard_Lexile,,,Web Research Collection
Elephant and Piggie: Should I Share My Ice Cream?,Mo Willems,,,"""Elephant and Piggie: Should I Share My Ice Cream?"" ""Mo Willems"" lexile level","https://www.google.com/search?q=""Elephant+and+Piggie:+Should+I+Share+My+Ice+Cream?""+""Mo+Willems""+lexile+level",210,Educational Sources,2025-09-03,"Theodor Seuss Geisel Medal series, Ages 3-6, Guided Reading I, AR: 0.8, Guided Reading: I",Complete,,210.0,Standard_Lexile,,,Web Research Collection
Pete the Cat: I Love My White Shoes,Eric Litwin,,,"""Pete the Cat: I Love My White Shoes"" ""Eric Litwin"" lexile level","https://www.google.com/search?q=""Pete+the+Cat:+I+Love+My+White+Shoes""+""Eric+Litwin""+lexile+level",AD200.0,Educational Sources,2025-09-03,"Ages 3-6, Repetitive pattern book, Beginner reader, AR: 1.2, Guided Reading: H",Complete,AD,200.0,Adult_Directed,,,Web Research Collection
Pete the Cat and His Four Groovy Buttons,Eric Litwin,,,"""Pete the Cat and His Four Groovy Buttons"" ""Eric Litwin"" lexile level","https://www.google.com/search?q=""Pete+the+Cat+and+His+Four+Groovy+Buttons""+""Eric+Litwin""+lexile+level",AD220.0,Educational Sources,2025-09-03,"Ages 3-6, Counting and pattern book, AR: 1.3, Guided Reading: H",Complete,AD,220.0,Adult_Directed,,,Web Research Collection
Biscuit,Alyssa Satin Capucilli,,,"""Biscuit"" ""Alyssa Satin Capucilli"" lexile level","https://www.google.com/search?q=""Biscuit""+""Alyssa+Satin+Capucilli""+lexile+level",250,Educational Sources,2025-09-03,"My First I Can Read, Ages 3-6, Simple puppy stories, AR: 1.4, Guided Reading: F",Complete,,250.0,Standard_Lexile,,,Web Research Collection
Biscuit Finds a Friend,Alyssa Satin Capucilli,,,"""Biscuit Finds a Friend"" ""Alyssa Satin Capucilli"" lexile level","https://www.google.com/search?q=""Biscuit+Finds+a+Friend""+""Alyssa+Satin+Capucilli""+lexile+level",280,Educational Sources,2025-09-03,"My First I Can Read, Ages 3-6, AR: 1.5, Guided Reading: F",Complete,,280.0,Standard_Lexile,,,Web Research Collection
Curious George,H.A. Rey,,,"""Curious George"" ""H.A. Rey"" lexile level","https://www.google.com/search?q=""Curious+George""+""H.A.+Rey""+lexile+level",480,Educational Sources,2025-09-03,"Classic picture book, Ages 4-8, Original 1941 edition, AR: 3.2, Guided Reading: I",Complete,,480.0,Standard_Lexile,,,Web Research Collection
Curious George Takes a Job,H.A. Rey,,,"""Curious George Takes a Job"" ""H.A. Rey"" lexile level","https://www.google.com/search?q=""Curious+George+Takes+a+Job""+""H.A.+Rey""+lexile+level",520,Educational Sources,2025-09-03,"Classic picture book series, Ages 4-8, AR: 3.4, Guided Reading: J",Complete,,520.0,Standard_Lexile,,,Web Research Collection
Llama Llama Red Pajama,Anna Dewdney,,,"""Llama Llama Red Pajama"" ""Anna Dewdney"" lexile level","https://www.google.com/search?q=""Llama+Llama+Red+Pajama""+""Anna+Dewdney""+lexile+level",420,Educational Sources,2025-09-03,"Ages 2-5, Bedtime/separation anxiety, ATOS 2.0, AR: 2.0, Guided Reading: H",Complete,,420.0,Standard_Lexile,,,Web Research Collection
Llama Llama Mad at Mama,Anna Dewdney,,,"""Llama Llama Mad at Mama"" ""Anna Dewdney"" lexile level","https://www.google.com/search?q=""Llama+Llama+Mad+at+Mama""+""Anna+Dewdney""+lexile+level",410,Educational Sources,2025-09-03,"Ages 2-5, Dealing with frustration, AR: 1.9, Guided Reading: H",Complete,,410.0,Standard_Lexile,,,Web Research Collection
Splat the Cat,Rob Scotton,,,"""Splat the Cat"" ""Rob Scotton"" lexile level","https://www.google.com/search?q=""Splat+the+Cat""+""Rob+Scotton""+lexile+level",AD300.0,Educational Sources,2025-09-03,"Ages 4-7, I Can Read Level 1, First day of school, AR: 1.8, Guided Reading: H",Complete,AD,300.0,Adult_Directed,,,Web Research Collection
Splat the Cat: The Name of the Game,Rob Scotton,,,"""Splat the Cat: The Name of the Game"" ""Rob Scotton"" lexile level","https://www.google.com/search?q=""Splat+the+Cat:+The+Name+of+the+Game""+""Rob+Scotton""+lexile+level",AD320.0,Educational Sources,2025-09-03,"Ages 4-7, I Can Read Level 1, AR: 1.9, Guided Reading: H",Complete,AD,320.0,Adult_Directed,,,Web Research Collection
Magic Tree House #1: Dinosaurs Before Dark,Mary Pope Osborne,,,"""Magic Tree House #1: Dinosaurs Before Dark"" ""Mary Pope Osborne"" lexile level","https://www.google.com/search?q=""Magic+Tree+House+#1:+Dinosaurs+Before+Dark""+""Mary+Pope+Osborne""+lexile+level",510,Multiple Educational Sources,2025-09-03,"AR 2.5, Ages 6-9, Grades 2-3, Adventure series, AR: 2.5, Guided Reading: M",Complete,,510.0,Standard_Lexile,,,Web Research Collection
Magic Tree House #2: The Knight at Dawn,Mary Pope Osborne,,,"""Magic Tree House #2: The Knight at Dawn"" ""Mary Pope Osborne"" lexile level","https://www.google.com/search?q=""Magic+Tree+House+#2:+The+Knight+at+Dawn""+""Mary+Pope+Osborne""+lexile+level",480,Educational Sources,2025-09-03,"AR 2.8, Ages 6-9, Grades 2-3, AR: 2.8, Guided Reading: M",Complete,,480.0,Standard_Lexile,,,Web Research Collection
The Boxcar Children,Gertrude Chandler Warner,,,"""The Boxcar Children"" ""Gertrude Chandler Warner"" lexile level","https://www.google.com/search?q=""The+Boxcar+Children""+""Gertrude+Chandler+Warner""+lexile+level",560,Educational Sources,2025-09-03,"AR 3.8, Ages 7-10, Grades 2-5, Mystery series classic, AR: 3.8, Guided Reading: L",Complete,,560.0,Standard_Lexile,,,Web Research Collection
Boxcar Children #2: Surprise Island,Gertrude Chandler Warner,,,"""Boxcar Children #2: Surprise Island"" ""Gertrude Chandler Warner"" lexile level","https://www.google.com/search?q=""Boxcar+Children+#2:+Surprise+Island""+""Gertrude+Chandler+Warner""+lexile+level",580,Educational Sources,2025-09-03,"AR 4.0, Ages 7-10, Grades 2-5, AR: 4.0, Guided Reading: L",Complete,,580.0,Standard_Lexile,,,Web Research Collection
Ramona the Pest,Beverly Cleary,,,"""Ramona the Pest"" ""Beverly Cleary"" lexile level","https://www.google.com/search?q=""Ramona+the+Pest""+""Beverly+Cleary""+lexile+level",860,Educational Sources,2025-09-03,"AR 4.7, Ages 6-9, Grades 2-4, Newbery Medal author, AR: 4.7, Guided Reading: N",Complete,,860.0,Standard_Lexile,,,Web Research Collection
"Ramona Quimby, Age 8",Beverly Cleary,,,"""Ramona Quimby, Age 8"" ""Beverly Cleary"" lexile level","https://www.google.com/search?q=""Ramona+Quimby,+Age+8""+""Beverly+Cleary""+lexile+level",970,Educational Sources,2025-09-03,"AR 5.0, Ages 8-12, Grades 3-5, Newbery Honor Book, AR: 5.0, Guided Reading: O",Complete,,970.0,Standard_Lexile,,,Web Research Collection
"Encyclopedia Brown, Boy Detective",Donald J. Sobol,,,"""Encyclopedia Brown, Boy Detective"" ""Donald J. Sobol"" lexile level","https://www.google.com/search?q=""Encyclopedia+Brown,+Boy+Detective""+""Donald+J.+Sobol""+lexile+level",660,Educational Sources,2025-09-03,"AR 4.5, Ages 8-12, Grades 3-6, Mystery series, AR: 4.5, Guided Reading: M",Complete,,660.0,Standard_Lexile,,,Web Research Collection
Encyclopedia Brown and the Case of the Secret Pitch,Donald J. Sobol,,,"""Encyclopedia Brown and the Case of the Secret Pitch"" ""Donald J. Sobol"" lexile level","https://www.google.com/search?q=""Encyclopedia+Brown+and+the+Case+of+the+Secret+Pitch""+""Donald+J.+Sobol""+lexile+level",680,Educational Sources,2025-09-03,"AR 4.6, Ages 8-12, Grades 3-6, AR: 4.6, Guided Reading: M",Complete,,680.0,Standard_Lexile,,,Web Research Collection
Tom's Midnight Garden,Philippa Pearce,,,,,,,,"Ages 8-12, Grades 3-7, 1958 Carnegie Medal winner, classic children's literature",Test_Book,,,,,,
The Invention of Hugo Cabret,Brian Selznick,,,,,,,,"Ages 9-12, Grades 3-8, AR 5.1, 2008 Caldecott Medal winner, hybrid novel/graphic format",Test_Book,,,,,,
Blueberries for Sal,Robert McCloskey,,,,,,,,"Ages 2-7, PreK-Grade 2, Caldecott Honor Book, excellent read-aloud",Test_Book,,,,,,
The Rainbow Fish,Marcus Pfister,,,,,,,,"Ages 4-8, PreK-Grade 2, AR 3.3, picture book with moral themes",Test_Book,,,,,,
The Very Busy Spider,Eric Carle,,,,,,,,"Ages 2-5, PreK-K, multi-sensory book with textured illustrations",Test_Book,,,,,,
Sideways Stories from Wayside School,Louis Sachar,,,,,,,,"Ages 7-12, Grades 2-5, perfect for beginning chapter book readers",Test_Book,,,,,,
The Indian in the Cupboard,Lynne Reid Banks,,,,,,,,"Ages 8-12, Grades 3-5, Guided Reading Level R, 227 pages",Test_Book,,,,,,
Peter Pan,J.M. Barrie,,,,,,,,"Ages 8-10, Grades 1-6, AR 4.7, classic fantasy, 18,338 words",Test_Book,,,,,,
The Bad Beginning,Lemony Snicket,,,,,,,,"Ages 10-14, Grades 5-7, AR 6.4, Series of Unfortunate Events #1, sophisticated vocabulary",Test_Book,,,,,,
Beezus and Ramona,Beverly Cleary,,,,,,,,"Ages 8-12, Grades 3-5, AR 4.5, first book in Ramona series, 22,018 words",Test_Book,,,,,,
Sadako and the Thousand Paper Cranes,Eleanor Coerr,,,,,,,,"Ages 8-12, Grades 3-6, historical fiction, sensitive themes",Test_Book,,,,,,
The Westing Game,Ellen Raskin,,,,,,,,"Ages 8-14, Grades 3-7, AR 5.3, 1979 Newbery Medal winner, mystery novel",Test_Book,,,,,,
"Lyle, Lyle, Crocodile",Bernard Waber,,,,,,,,"Ages 4-8, K-2, AR 1.8, picture book series, sight word practice",Test_Book,,,,,,
Little House in the Big Woods,Laura Ingalls Wilder,,,,,,,,"Ages 7-11, Grade 2+ literature, AR 5.3, historical fiction, 33,586 words",Test_Book,,,,,,
Anne of Ingleside,L.M. Montgomery,,,,,,,,"Ages 12-16, Grades 6-8, 6th book in Anne series, mature themes",Test_Book,,,,,,
The Story of Ferdinand,Munro Leaf,,,"""The Story of Ferdinand"" ""Munro Leaf"" lexile level",,AD760L,Educational Sources,2025-09-03,"1936 classic by Munro Leaf, AD760L, ages 3-7, sophisticated vocabulary about peaceful bull",Complete,AD,760.0,Adult_Directed,,,
Caps for Sale,Esphyr Slobodkina,,,"""Caps for Sale"" ""Esphyr Slobodkina"" lexile level",,AD480L,Educational Sources,2025-09-03,"1938 Esphyr Slobodkina classic, AD480L, ages 3-7, peddler and monkeys folktale",Complete,AD,480.0,Adult_Directed,,,
Mike Mulligan and His Steam Shovel,Virginia Lee Burton,,,"""Mike Mulligan and His Steam Shovel"" ""Virginia Lee Burton"" lexile level",,580L,Bookroo/Educational,2025-09-03,"1939 Virginia Lee Burton, 580L, ages 4-8, Caldecott Honor, construction themes",Complete,,580.0,Standard_Lexile,,,
The Little Red Hen,Paul Galdone,,,"""The Little Red Hen"" ""Paul Galdone"" lexile level",,AD500L,Educational Sources,2025-09-03,"Classic folktale retelling, AD500L, ages 3-7, work ethic themes",Complete,AD,500.0,Adult_Directed,,,
The Little Engine That Could,Watty Piper,,,"""The Little Engine That Could"" ""Watty Piper"" lexile level",,AD540L,Multiple Sources,2025-09-03,"Classic 1930 perseverance tale, AD540L, ages 2-5 (board) or 3-7, grade Preschool-K",Complete,AD,540.0,Adult_Directed,,,
Millions of Cats,Wanda Gag,,,"""Millions of Cats"" ""Wanda Gag"" lexile level",,580L,Multiple Sources,2025-09-03,"1928 Newbery Honor by Wanda Gag, 580L, ages 2-5, early American picture book",Complete,,580.0,Standard_Lexile,,,
The Song of the Swallows,Leo Politi,,,"""The Song of the Swallows"" ""Leo Politi"" lexile level",,620L,Educational Sources,2025-09-03,"1950 Leo Politi, 620L, ages 4-8, Caldecott Medal, Mission San Juan Capistrano",Complete,,620.0,Standard_Lexile,,,
Abraham Lincoln,Ingri and Edgar d'Aulaire,,,"""Abraham Lincoln"" ""Ingri and Edgar d'Aulaire"" lexile level",,900L,Multiple Sources,2025-09-03,"1940 Caldecott Medal by d'Aulaire, 900L, ages 9-12, grade 4-6, biographical picture book",Complete,,900.0,Standard_Lexile,,,
White Snow Bright Snow,Alvin Tresselt,,,"""White Snow Bright Snow"" ""Alvin Tresselt"" lexile level",,660L,Multiple Sources,2025-09-03,"1948 Caldecott Medal by Alvin Tresselt, 660L, ages 4-8, seasonal themes",Complete,,660.0,Standard_Lexile,,,
